,True Label,Predicted Label,Scene id,Image center longitude,Image center latitude
0,1.0,1.0,20180708_180909_0f47,-118.2254694333423,33.73803725920789
6,1.0,0.0,20171129_181545_1022,-122.35145112805893,37.75120269950231
7,1.0,1.0,20170508_180611_1010,-122.35158678931549,37.74736384875284
8,1.0,1.0,20170703_180945_1009,-122.34695357410399,37.73984834452207
12,1.0,1.0,20170723_180812_1005,-122.32579167236734,37.72675026209499
14,1.0,1.0,20180708_182358_1032,-122.34681533273329,37.759451149806985
17,1.0,1.0,20180205_181811_1030,-122.36586298001781,37.762367278018836
22,1.0,1.0,20171210_181628_100a,-122.33374787980998,37.720251935906376
23,1.0,0.0,20180710_180333_1002,-118.21550861995428,33.73210233590155
25,1.0,1.0,20171129_181545_1022,-122.33893028610122,37.71165549329901
26,1.0,1.0,20180708_180453_0f28,-118.22543628460696,33.73798347719339
29,1.0,1.0,20170709_181332_0e0e,-122.36010169777315,37.770880570111714
30,1.0,0.0,20180708_180908_0f47,-118.15328750044623,33.735783554733885
31,1.0,1.0,20170717_180818_1010,-122.33052997944398,37.74873329184904
32,1.0,1.0,20170505_181258_0e2f,-122.338448217423,37.73907084984848
33,1.0,0.0,20180708_182359_1032,-122.3480759546276,37.73998975485291
43,1.0,0.0,20170522_180635_0f42,-122.32893214438306,37.73712429623044
44,1.0,1.0,20180205_181812_1030,-122.33525851672547,37.73023804026718
45,1.0,1.0,20171207_181551_103c,-122.33142699267296,37.74744049268292
48,1.0,1.0,20170622_180819_1034,-122.32668666719793,37.70685428346429
51,1.0,1.0,20170613_180813_1017,-122.34085308821396,37.74816957039235
52,1.0,1.0,20180708_180453_0f28,-118.14480804277633,33.73616008365185
56,1.0,1.0,20171217_181637_1032,-122.33377734078427,37.728363954110335
58,1.0,1.0,20171118_185722_0f2d,-122.34573065944548,37.72791715264537
59,1.0,1.0,20170619_180825_1032,-122.3459560656157,37.76033868308977
61,1.0,0.0,20180707_182443_0f17,-122.33645953413331,37.75969073050953
63,1.0,0.0,20161116_180803_0e14,-122.34470006936019,37.75600540707502
67,1.0,1.0,20170724_181036_1011,-122.34701303487154,37.736955451723546
69,1.0,1.0,20171217_181637_1032,-122.32746155880102,37.73784597961478
70,1.0,1.0,20170917_190615_0f3c,-122.34940186941583,37.76744206542644
73,1.0,1.0,20171025_175648_0e26,-118.1312075790471,33.70165381720052
76,1.0,1.0,20170719_180901_101d,-122.34551737673225,37.75987657850744
80,1.0,1.0,20170609_180757_103a,-122.33808357088992,37.73796018537154
87,1.0,1.0,20180705_213443_0f02,-122.3569645414462,37.790926638689484
88,1.0,1.0,20170505_181258_0e2f,-122.33194675931846,37.719917268982655
93,1.0,1.0,20170429_180518_1002,-122.34922374951728,37.76833337976097
96,1.0,1.0,20180711_180503_1027,-118.21702642511576,33.73868894279697
99,1.0,1.0,20171213_181610_100c,-122.33867435049139,37.70981536694513
102,1.0,1.0,20180708_182359_1032,-122.33864320042385,37.70949071726955
108,1.0,1.0,20170724_181036_1011,-122.33857293542425,37.76713842794705
109,1.0,1.0,20170515_180653_1007,-122.35008772267976,37.78247969976571
111,1.0,1.0,20160905_193458_0c37,-122.33852328874114,37.73828712719663
120,1.0,1.0,20170724_181036_1011,-122.34065405863726,37.7475735901599
121,1.0,1.0,20170619_180817_0f3f,-122.35060296995054,37.770314859129826
124,1.0,1.0,20161103_195523_0c27,-122.34756726443855,37.735876941908074
134,1.0,1.0,20170707_174131_0c0b,-122.33884252598018,37.767464412618764
135,1.0,1.0,20180709_182127_0e20,-122.3242066077652,37.728850265219606
139,1.0,1.0,20170719_180901_101d,-122.3300199396251,37.748649275464146
141,1.0,1.0,20161103_195523_0c27,-122.328787659877,37.73804281448145
144,1.0,1.0,20180705_213444_0f02,-122.34147120203009,37.7168342692475
149,1.0,1.0,20180209_184353_0f21,-122.32506134542359,37.728449570059034
152,1.0,1.0,20180708_182359_1032,-122.33530295227199,37.729075593042815
156,1.0,0.0,20161202_180735_0e30,-122.33440655443187,37.726528823006454
157,1.0,1.0,20180711_182157_1048,-122.3486040190204,37.76908705675157
162,1.0,1.0,20171119_181613_0f52,-122.3379879323536,37.73722958308728
166,1.0,1.0,20180712_180429_101b,-118.22612740350046,33.722825506175006
168,1.0,1.0,20170609_180756_103a,-122.34417038995429,37.758138571050885
170,1.0,1.0,20180708_180454_0f28,-118.21978018976107,33.697564266770236
173,1.0,1.0,20170106_180852_0e30,-122.33010562564398,37.71268726512258
174,1.0,1.0,20171119_181612_0f52,-122.34558216091033,37.75638885974003
175,1.0,1.0,20180711_180503_1027,-118.18281425815174,33.716402866275395
176,1.0,1.0,20170707_181135_100b,-122.33169404987292,37.74803687398289
177,1.0,1.0,20180712_211331_0f06,-118.2273802733444,33.728954673334805
178,1.0,1.0,20170620_180742_102f,-122.32912080463271,37.73885589412447
179,1.0,1.0,20170106_180851_0e30,-122.35542622489177,37.76012046677017
183,1.0,1.0,20170719_180901_101d,-122.33467707332979,37.719121523339076
184,1.0,1.0,20180707_180451_102e,-118.1603057989569,33.735122570683664
187,1.0,1.0,20171212_181755_0e26,-122.33266963436137,37.74936733203823
188,1.0,1.0,20170919_181711_0e20,-122.3448145888501,37.75846662658615
192,1.0,1.0,20170712_180940_0f15,-122.3445569320588,37.7567887529766
194,1.0,1.0,20170919_181413_0f1b,-122.34051545537736,37.74784320879205
195,1.0,1.0,20171023_175305_1039,-118.19494678832497,33.711118424550534
196,1.0,1.0,20180708_180909_0f47,-118.21792579242826,33.738166018341566
198,1.0,1.0,20170414_180529_0f28,-122.354012063916,37.758247006690844
203,1.0,1.0,20170619_180825_1032,-122.3365987361789,37.728839537031675
205,1.0,1.0,20170703_180945_1009,-122.33430847708448,37.74888989075448
208,1.0,1.0,20171217_181637_1032,-122.34731160755146,37.7688635908923
209,1.0,1.0,20170721_180937_0f31,-122.34546403473743,37.758199841678305
210,1.0,1.0,20180706_180914_1051,-118.21561551008004,33.70063556051552
211,1.0,1.0,20170721_180825_100b,-122.33483741356835,37.75827553995959
214,1.0,1.0,20170703_180945_1009,-122.33876092330141,37.76897815629974
217,1.0,1.0,20180713_180403_1035,-118.16429785193365,33.72859160251572
218,1.0,1.0,20180706_180314_1024,-118.21619755272829,33.712074388832626
219,1.0,1.0,20170211_181116_0e16,-122.32842853639183,37.73633728423106
220,1.0,1.0,20170508_180611_1010,-122.3387403458132,37.76746383928563
221,1.0,1.0,20161102_180658_0e26,-122.3353622815611,37.756710218471646
222,1.0,1.0,20180708_180454_0f28,-118.10833940520358,33.665227038031
226,1.0,1.0,20180305_184041_1054,-122.33639427812646,37.73649055664562
227,1.0,1.0,20170622_180819_1034,-122.33775201760807,37.736957863349204
229,1.0,1.0,20161218_180845_0e26,-122.33810533954465,37.73933931939064
233,1.0,1.0,20170921_181406_1031,-122.3379965684267,37.76683775898489
238,1.0,1.0,20180714_180352_100e,-118.1308190306784,33.68929275663629
239,1.0,1.0,20180712_180428_101b,-118.22612778818288,33.72285255793923
240,1.0,1.0,20170522_180635_0f42,-122.33323121256697,37.728523103272465
246,1.0,1.0,20171023_184815_0f21,-118.19505626473541,33.71201020510068
247,1.0,1.0,20180705_182236_0f4d,-122.34671030989746,37.75977504002937
251,1.0,1.0,20180709_182125_0e20,-122.34189167502934,37.750095171861716
254,1.0,1.0,20171022_175534_100e,-118.21592635116053,33.708911545121495
256,1.0,1.0,20170613_180811_102e,-122.3279416305426,37.73747016564068
257,1.0,1.0,20170919_181412_0f1b,-122.33471184477263,37.7570850995243
258,1.0,1.0,20170703_180945_1009,-122.3450395800887,37.7290760136203
259,1.0,1.0,20171127_181538_101e,-122.34280869089645,37.7503706827579
263,1.0,1.0,20180705_182236_0f4d,-122.33599555315165,37.758255031566605
266,1.0,1.0,20170106_180851_0e30,-122.32723514726786,37.72900278572078
270,1.0,1.0,20171107_181615_0f22,-122.33764289329143,37.73774139431109
272,1.0,1.0,20170501_180618_1005,-122.34982429184544,37.769769778936315
274,1.0,1.0,20180706_180314_1024,-118.16449759261873,33.728995555872416
278,1.0,0.0,20180707_182444_0f17,-122.32060425459107,37.709523348129174
279,1.0,1.0,20170622_180819_1034,-122.33501252788683,37.727289348745494
282,1.0,1.0,20170501_180618_1005,-122.33878315625624,37.73969463643265
283,1.0,1.0,20170822_181223_0f31,-122.33818643260602,37.73787964459985
288,1.0,1.0,20171022_175534_100e,-118.2215443724113,33.73071704665499
289,1.0,1.0,20171023_184815_0f21,-118.221018877267,33.732480856222665
291,1.0,1.0,20170703_180945_1009,-122.32507595039102,37.71933734373484
295,1.0,1.0,20180708_180908_0f47,-118.14474364290032,33.73618773660339
296,1.0,0.0,20171129_181544_1022,-122.35145136405632,37.751175661392985
298,1.0,1.0,20170613_180813_1017,-122.33067129933927,37.74816626725615
299,1.0,1.0,20170505_181257_0e2f,-122.34667102145275,37.7603696881756
305,1.0,1.0,20170414_180529_0f28,-122.32982855487886,37.74721509955338
308,1.0,1.0,20180707_180451_102e,-118.17099820605844,33.73556273854492
309,1.0,1.0,20170522_180635_0f42,-122.33260420215133,37.74906952823837
313,1.0,1.0,20180707_180908_1043,-118.22435950358626,33.7328536081581
314,1.0,1.0,20170618_180802_0f34,-122.33162556867539,37.71777932578817
315,1.0,1.0,20161103_195523_0c27,-122.33879878855728,37.73793716007925
318,1.0,1.0,20170723_180811_1005,-122.33853791218088,37.76724638863277
321,1.0,1.0,20180705_182235_0f4d,-122.32430799752129,37.72893196483871
322,1.0,1.0,20161202_180734_0e30,-122.33888813993362,37.766166781175585
324,1.0,1.0,20170707_174131_0c0b,-122.33599434473402,37.75839022153028
325,1.0,1.0,20170504_180549_1025,-122.33317191791726,37.75031655353486
328,1.0,0.0,20170222_231255_0c27,-122.33178579749799,37.718888854795864
331,1.0,1.0,20170226_180944_0e26,-122.3235427331075,37.726980733711294
332,1.0,0.0,20170903_181304_1041,-122.34135666722196,37.74898356778622
343,1.0,1.0,20180708_182358_1032,-122.35891542555478,37.79385750720744
346,1.0,1.0,20171212_181756_0e26,-122.33313373443386,37.720410700647555
350,1.0,1.0,20170501_180618_1005,-122.34270462076896,37.75058641760489
351,1.0,1.0,20180705_213443_0f02,-122.35037798905033,37.749304030630014
354,1.0,1.0,20170707_181135_100b,-122.33606269814538,37.75836356727879
358,1.0,1.0,20170615_181426_0e0d,-122.32619356968694,37.70869015729537
361,1.0,1.0,20180712_180755_0f2d,-118.15936062028072,33.734671501186604
366,1.0,1.0,20170226_180944_0e26,-122.32996797173575,37.71663425634572
368,1.0,1.0,20170609_180751_101b,-122.34784341495181,37.76648707436548
370,1.0,1.0,20180210_181908_1006,-122.34356739465089,37.74929333475811
371,1.0,1.0,20171023_181359_1044,-122.33295932479058,37.71708385178135
376,1.0,1.0,20170604_180820_0f52,-122.33376014169035,37.730283660194715
382,1.0,1.0,20170701_181015_1042,-122.39264848644808,37.827159245468984
386,1.0,1.0,20170721_180937_0f31,-122.33483741356835,37.75827553995959
387,1.0,1.0,20170622_180819_1034,-122.34373100848143,37.75775757398701
393,1.0,1.0,20171217_181637_1032,-122.3214077502019,37.71845102201261
402,1.0,1.0,20170723_180811_1005,-122.32579167236734,37.72675026209499
408,1.0,1.0,20170508_180612_1010,-122.34130558022675,37.74706348428127
410,1.0,1.0,20170619_180825_1032,-122.33990793265583,37.77022839516916
411,1.0,1.0,20180709_182125_0e20,-122.34648975412753,37.757745864676465
413,1.0,1.0,20170719_180901_101d,-122.32436950355758,37.71841395366698
414,1.0,1.0,20170619_181346_0e30,-122.33832825460703,37.691318325250606
415,1.0,1.0,20170730_181513_0e20,-122.34000045792595,37.740647839306135
416,1.0,1.0,20170702_181120_103a,-122.35179047557014,37.75133976340392
420,1.0,0.0,20170909_181400_0f28,-122.35160715732775,37.74893224727843
422,1.0,1.0,20170702_180943_103c,-122.3332290637038,37.721168346437786
423,1.0,1.0,20170609_180756_103a,-122.32982392204339,37.747728821717814
429,1.0,1.0,20171118_181531_1030,-122.34400966135502,37.75705610175418
430,1.0,0.0,20170905_181214_0f12,-122.34711897247767,37.73652340705798
432,1.0,1.0,20180203_181746_1035,-122.32169237663439,37.71710068406658
433,1.0,1.0,20170818_180847_1035,-122.34303762594863,37.747586900217605
436,1.0,1.0,20170609_180751_101b,-122.32982392204339,37.747728821717814
438,1.0,1.0,20170707_174130_0c0b,-122.33884252598018,37.767464412618764
439,1.0,1.0,20170709_181333_0e0e,-122.34814283196715,37.767299910963274
442,1.0,1.0,20171107_181615_0f22,-122.34861848678705,37.76743773780358
443,1.0,1.0,20180710_180333_1002,-118.20973459261748,33.70599621698435
449,1.0,1.0,20171025_175647_0e26,-118.22668998523704,33.728231032975344
450,1.0,1.0,20170707_174131_0c0b,-122.34498864216236,37.72712888630869
457,1.0,1.0,20180714_180427_1029,-118.21100741654266,33.732092454738826
460,1.0,1.0,20170615_180728_1003,-122.34794000170214,37.73996196338475
461,1.0,1.0,20170619_180825_1032,-122.33156123977024,37.7400865334179
462,1.0,0.0,20180712_180755_0f2d,-118.16439827013708,33.72883415776477
463,1.0,1.0,20180206_181845_0f34,-122.32496339153784,37.72798933809468
465,1.0,1.0,20170618_180801_0f34,-122.35273829997519,37.751993918305864
468,1.0,1.0,20180713_180403_1035,-118.22702644842151,33.72912052325497
471,1.0,1.0,20170501_180553_1018,-122.34069590476608,37.7697190596373
472,1.0,0.0,20180710_180333_1002,-118.22801895462972,33.72150804228225
478,1.0,0.0,20170717_180818_1010,-122.32638921518237,37.739705576972355
479,1.0,1.0,20170815_180822_102d,-122.32529473370879,37.72899169557654
485,1.0,1.0,20170721_180825_100b,-122.33802315652412,37.76767612716381
486,1.0,1.0,20170706_181011_1006,-122.40964930871942,37.84976924414369
490,1.0,1.0,20170129_181027_0e1f,-122.33145885434004,37.74768402798642
491,1.0,1.0,20171212_181756_0e26,-122.34197035081759,37.72197456876908
495,1.0,1.0,20180711_182156_1048,-122.33801676743656,37.7072158766653
500,1.0,1.0,20180708_182358_1032,-122.33550982288972,37.75925274984844
501,1.0,1.0,20170917_190615_0f3c,-122.33447197539547,37.72682662682025
505,1.0,1.0,20170609_180757_103a,-122.32202757086094,37.71767044207262
506,1.0,1.0,20170905_181214_0f12,-122.33517451771074,37.72820960515624
507,1.0,1.0,20170613_180813_1017,-122.33788218155145,37.73763458088861
511,1.0,1.0,20170708_180827_1021,-122.32270757504547,37.71775546918334
521,1.0,1.0,20171117_185444_104c,-122.34558214564862,37.737055674168104
522,1.0,1.0,20170702_181120_103a,-122.33547171476623,37.729238781435654
527,1.0,1.0,20170620_180742_102f,-122.34340267518871,37.72939138145052
528,1.0,1.0,20170923_181241_0f42,-122.34794155805267,37.76694728611726
532,1.0,0.0,20180305_184041_1054,-122.34522826530379,37.75790109894697
533,1.0,1.0,20170621_181251_0e26,-122.33904279519368,37.767925204446534
534,1.0,1.0,20170604_180819_0f52,-122.339840050381,37.77020097559012
535,1.0,1.0,20170719_180901_101d,-122.34926888693599,37.770956443179884
538,1.0,1.0,20170502_180546_1044,-122.35866092206696,37.76021923258523
543,1.0,1.0,20170815_180821_102d,-122.33668875453014,37.76071951607041
544,1.0,0.0,20180712_180429_101b,-118.12564883363834,33.66758682744614
547,1.0,1.0,20170620_180742_102f,-122.33746157633949,37.73898418986875
549,1.0,1.0,20180712_180428_101b,-118.1593929991596,33.73467119714559
551,1.0,1.0,20170618_180802_0f34,-122.32751841561911,37.708968116907286
554,1.0,1.0,20170501_180610_100e,-122.33378219015309,37.75061743802843
555,1.0,1.0,20170919_181710_0e20,-122.33481425268204,37.75705863822454
557,1.0,0.0,20180712_180755_0f2d,-118.16439790473636,33.72880710541674
561,1.0,1.0,20170719_180901_101d,-122.35534446903796,37.75776759369672
564,1.0,1.0,20170717_180818_1010,-122.35291186187388,37.75161631965994
565,1.0,1.0,20170721_180825_100b,-122.33061683570729,37.74665175174389
567,1.0,1.0,20170619_181346_0e30,-122.33160722156944,37.750118414666176
568,1.0,1.0,20170719_180901_101d,-122.33919481036277,37.76998104459105
570,1.0,1.0,20170618_180802_0f34,-122.33595000017186,37.72905220027425
572,1.0,1.0,20170815_180822_102d,-122.34834738672623,37.740099413608746
573,1.0,1.0,20171119_181613_0f52,-122.33806559292786,37.70937931753214
576,1.0,1.0,20170721_180937_0f31,-122.34829944026214,37.73780079448837
578,1.0,0.0,20180711_180503_1027,-118.22469809532214,33.738450746007395
581,1.0,1.0,20170618_180801_0f34,-122.34992481843103,37.76995960879467
582,1.0,1.0,20180708_180453_0f28,-118.16017519031635,33.735042630685086
594,1.0,1.0,20180709_182127_0e20,-122.33766104198615,37.70894441231101
596,1.0,1.0,20171118_185722_0f2d,-122.34006393759125,37.71815133796416
598,1.0,1.0,20170613_180813_1017,-122.34781567268976,37.73860930267714
599,1.0,1.0,20170620_232624_0c79,-122.34622022490963,37.738059675092764
601,1.0,1.0,20170615_180728_1003,-122.32323691959114,37.71943495909626
602,1.0,1.0,20170709_181333_0e0e,-122.34238015974394,37.71797500399526
605,1.0,1.0,20160905_193458_0c37,-122.34476126326628,37.75678988919636
610,1.0,1.0,20170226_180944_0e26,-122.334134708449,37.726473208816216
611,1.0,1.0,20170730_181043_103d,-122.3479088163598,37.74739763610506
612,1.0,1.0,20180712_180429_101b,-118.12234157841577,33.679521625020726
621,1.0,1.0,20180203_181746_1035,-122.3238523014483,37.72663099646809
631,1.0,1.0,20180711_180350_1042,-118.10910853383017,33.66716818896835
637,1.0,1.0,20161202_180735_0e30,-122.33244948910372,37.74733813075249
642,1.0,1.0,20180711_180503_1027,-118.21945781994212,33.69994835203065
644,1.0,1.0,20170619_180826_1032,-122.34445250403449,37.70297957681386
650,1.0,1.0,20170609_180751_101b,-122.32199328731252,37.71769728443183
651,1.0,1.0,20170515_180654_1007,-122.34392970462561,37.73139523823038
654,1.0,1.0,20171107_181615_0f22,-122.33216979337155,37.74814772819181
655,1.0,0.0,20170717_180818_1010,-122.33597028040478,37.73059356508764
657,1.0,1.0,20170702_181120_103a,-122.32570961605553,37.72829104311612
665,1.0,0.0,20180712_180429_101b,-118.13631720546866,33.698820150132214
670,1.0,1.0,20170522_180635_0f42,-122.33633731909474,37.75812175989443
676,1.0,1.0,20180711_180503_1027,-118.22759694858797,33.721431071380884
678,1.0,1.0,20170708_180827_1021,-122.3400652308127,37.73718715261792
679,1.0,1.0,20170622_180819_1034,-122.34996889431777,37.74935585390901
680,1.0,1.0,20170615_181425_0e0d,-122.34225882891783,37.75093544276724
682,1.0,0.0,20180131_175841_1010,-118.2112386851259,33.73011512692281
685,1.0,1.0,20170615_181426_0e0d,-122.33597945532324,37.729566116432395
691,1.0,1.0,20180205_184449_104a,-122.32314587629772,37.718217658219075
693,1.0,1.0,20180708_180453_0f28,-118.22948007777336,33.72860911638817
695,1.0,1.0,20180705_182235_0f4d,-122.33513153134916,37.72920982375914
697,1.0,1.0,20171212_181755_0e26,-122.33732803969346,37.73868600531012
700,1.0,1.0,20171107_181615_0f22,-122.35043213027565,37.74700597830246
705,1.0,1.0,20170614_180813_100b,-122.3257254363354,37.70776813573321
712,1.0,1.0,20170501_180610_100e,-122.3358820245197,37.759525241391806
718,1.0,1.0,20180707_182443_0f17,-122.34709039842764,37.75915524102327
720,1.0,1.0,20170716_180816_103a,-122.36098977286657,37.766640212768245
721,1.0,1.0,20180708_180453_0f28,-118.21905414735417,33.72635865267826
727,1.0,1.0,20170709_181333_0e0e,-122.33810212156884,37.76645980143139
729,1.0,1.0,20171023_184815_0f21,-118.22656678110803,33.72184714169161
731,1.0,1.0,20170702_180943_103c,-122.3256758192137,37.72826381031611
733,1.0,1.0,20170910_181216_1010,-122.36549342467139,37.76177042255788
734,1.0,1.0,20170106_180851_0e30,-122.34116575109421,37.739789096293265
736,1.0,1.0,20170615_181425_0e0d,-122.3374452427014,37.75991259112122
742,1.0,1.0,20180706_180314_1024,-118.15211255098062,33.69631997662297
744,1.0,1.0,20160710_182140_0c78,-122.33831761096032,37.75756506843916
746,1.0,1.0,20170707_174131_0c0b,-122.33822673709459,37.73717684513958
751,1.0,1.0,20180707_180908_1043,-118.22890386964173,33.72907479677106
752,1.0,1.0,20170909_181730_0e0f,-122.32425711124401,37.72703890985299
755,1.0,0.0,20170719_180901_101d,-122.35802229416348,37.77105853523984
756,1.0,1.0,20170905_181215_0f12,-122.34074876045167,37.71769549718109
759,1.0,1.0,20180713_180403_1035,-118.22596168899227,33.72255659562643
761,1.0,1.0,20180705_213443_0f02,-122.3490293412872,37.76719665414427
764,1.0,1.0,20171107_181615_0f22,-122.35442425974563,37.757843674659476
765,1.0,1.0,20171118_181531_1030,-122.34807281296018,37.76751583826101
776,1.0,1.0,20170702_181120_103a,-122.33953411942416,37.73948253115187
781,1.0,1.0,20180708_180453_0f28,-118.14808939477531,33.7296632694897
785,1.0,1.0,20170515_180653_1007,-122.34389566106272,37.73139504875244
787,1.0,1.0,20170709_181333_0e0e,-122.36013529353468,37.77093483120248
789,1.0,0.0,20170925_181400_103e,-122.35138059582,37.74757902961195
790,1.0,1.0,20170508_180611_1010,-122.34127176917151,37.7470362559054
794,1.0,1.0,20170703_180945_1009,-122.343937058349,37.71898414143061
798,1.0,1.0,20170717_180818_1010,-122.34934068337498,37.73942891449496
802,1.0,1.0,20180712_180428_101b,-118.12901446353541,33.70722036655822
803,1.0,1.0,20180712_180755_0f2d,-118.15939263524922,33.73464414477508
805,1.0,1.0,20180712_180429_101b,-118.10894537441416,33.66706142805287
807,1.0,1.0,20180709_182125_0e20,-122.34966124468926,37.74948935380972
809,1.0,1.0,20170822_181223_0f31,-122.33262727017568,37.74650091608947
810,1.0,1.0,20180709_182127_0e20,-122.33395578482019,37.72744561981932
811,1.0,1.0,20170328_181231_0e0f,-122.34725729278844,37.736280817880996
812,1.0,1.0,20171023_175304_1039,-118.14264050152555,33.73388041561904
816,1.0,0.0,20170609_180750_101b,-122.40971017622643,37.85068887637053
817,1.0,1.0,20160710_182140_0c78,-122.33185409502408,37.74917343586839
818,1.0,1.0,20171025_175648_0e26,-118.22893579949042,33.71995675330757
829,1.0,1.0,20170717_180818_1010,-122.33364600683905,37.720224320610974
831,1.0,1.0,20170615_181425_0e0d,-122.33820631238532,37.77005661515376
838,1.0,0.0,20170730_191230_0f21,-122.3348862206096,37.72999258493115
839,1.0,1.0,20170414_180530_0f28,-122.34194847383088,37.747526745450706
840,1.0,1.0,20171025_175647_0e26,-118.14347911930842,33.73362914920917
842,1.0,1.0,20170616_180825_100e,-122.33109887472473,37.74984513683055
847,1.0,1.0,20170616_180825_100e,-122.34714092572561,37.761156433685166
857,1.0,1.0,20180708_180453_0f28,-118.1602075693253,33.73504232642754
859,1.0,1.0,20170612_180826_1036,-122.38926555412907,37.82400521442458
862,1.0,1.0,20170721_180825_100b,-122.32613080820607,37.73816285249999
864,1.0,1.0,20161018_193329_0c45,-122.34767382911606,37.766405017732296
865,1.0,1.0,20180712_180755_0f2d,-118.21820140188986,33.702666319389046
867,1.0,1.0,20171129_181545_1022,-122.32579948546167,37.729643530806925
869,1.0,1.0,20170508_180611_1010,-122.35862911003461,37.79150353594408
871,1.0,1.0,20170703_180946_1009,-122.32820566966787,37.70824196642448
874,1.0,1.0,20180712_180755_0f2d,-118.14319157389623,33.7363644522928
879,1.0,1.0,20170723_180811_1005,-122.33041302018641,37.746596515233485
881,1.0,1.0,20170919_181413_0f1b,-122.32710222195888,37.73616748361298
883,1.0,1.0,20180706_180313_1024,-118.15942610588053,33.73472499783611
887,1.0,1.0,20170713_180939_1002,-122.32284200096159,37.71794551801466
888,1.0,1.0,20170211_181116_0e16,-122.34176356649134,37.74533552020237
889,1.0,1.0,20170622_180819_1034,-122.3476851793261,37.73795963351161
893,1.0,1.0,20180705_213443_0f02,-122.33829130097207,37.768164340821855
897,1.0,1.0,20170923_181241_0f42,-122.33785767749494,37.7671344111478
903,1.0,0.0,20180712_211331_0f06,-118.15929295149586,33.734455690268305
905,1.0,0.0,20180707_180451_102e,-118.16518115946585,33.72925966527989
907,1.0,1.0,20170501_180553_1018,-122.3358820245197,37.759525241391806
910,1.0,1.0,20171129_181545_1022,-122.34076267101332,37.719966896346506
912,1.0,1.0,20170328_181231_0e0f,-122.33461370495729,37.72620551845789
915,1.0,1.0,20180713_180403_1035,-118.20276582323596,33.730901398491014
921,1.0,1.0,20180205_181922_1031,-122.36027037593409,37.77107076127549
923,1.0,1.0,20170910_181216_1010,-122.32449564687262,37.7270132374854
925,1.0,1.0,20170604_180820_0f52,-122.34207285938561,37.72962732234876
926,1.0,1.0,20171022_175534_100e,-118.25263689798176,33.71111496385489
927,1.0,1.0,20180714_180352_100e,-118.12117491226684,33.67939693536307
929,1.0,1.0,20180131_175841_1010,-118.15357365643099,33.69665806917337
931,1.0,1.0,20180210_181908_1006,-122.35282451856958,37.78509053291386
932,1.0,1.0,20170618_180801_0f34,-122.33155929465931,37.74030283783155
937,1.0,1.0,20170830_181003_0f4e,-122.33468859786528,37.75968074611797
940,1.0,1.0,20170730_181043_103d,-122.3432837496435,37.7505626065574
942,1.0,1.0,20171129_181544_1022,-122.342773203759,37.7505327212711
945,1.0,1.0,20180708_180909_0f47,-118.22948084941048,33.72866321979766
948,1.0,1.0,20180714_180352_100e,-118.12765107916624,33.70693520485098
949,1.0,1.0,20180708_180908_0f47,-118.22948084941048,33.72866321979766
952,1.0,1.0,20170618_180802_0f34,-122.3236466041282,37.71930211262915
962,1.0,1.0,20170504_180549_1025,-122.33593285673965,37.730971906981296
964,1.0,1.0,20170822_181223_0f31,-122.32330764160088,37.72662787120537
965,1.0,0.0,20180713_180403_1035,-118.13146308327627,33.68904335536601
969,1.0,1.0,20150830_000652_1_0b07,-122.32370681389538,37.72016772243502
976,1.0,1.0,20170620_180742_102f,-122.32580109488852,37.70693034167392
978,1.0,1.0,20171118_181532_1030,-122.33975808025951,37.71809554637377
985,1.0,1.0,20170618_180801_0f34,-122.34602584563679,37.760149794821125
990,1.0,1.0,20170616_180825_100e,-122.33953301753296,37.770253333729265
997,1.0,1.0,20170721_180825_100b,-122.33284969739871,37.71792145705744
999,1.0,0.0,20170522_180635_0f42,-122.35032196580875,37.767393062977916
1001,0.0,0.0,20170505_181257_0e2f,-122.13440135290679,37.74732085488439
1003,0.0,0.0,20170905_181215_0f12,-122.09571903813976,37.64920246656525
1006,0.0,0.0,20170909_181729_0e0f,-122.2648194825724,37.77849046536739
1011,0.0,0.0,20170805_180925_1001,-122.21492622085995,37.71911495017346
1017,0.0,0.0,20170403_180412_100f,-122.27571156029728,37.671076231536304
1018,0.0,0.0,20170703_180944_1009,-122.3781456215884,37.80455995471527
1022,0.0,0.0,20170414_180530_0f28,-122.3443081735211,37.68072512790541
1023,0.0,0.0,20170712_181005_0f12,-122.0836516141235,37.60725216108023
1025,0.0,0.0,20161018_192145_0c24,-122.28277499652614,37.788821932490436
1027,0.0,0.0,20170917_190708_0f44,-122.57902231500316,37.80190689654904
1029,0.0,0.0,20170707_174130_0c0b,-122.26110235328622,37.85068835788047
1032,0.0,0.0,20170419_180519_1009,-122.20122514108978,37.793569873231185
1034,0.0,0.0,20170226_180944_0e26,-122.10918937722249,37.66598829330098
1037,0.0,0.0,20170822_181222_0f31,-122.43796997249821,37.81145814038657
1041,0.0,0.0,20180712_211331_0f06,-118.18598485974351,33.70917562166621
1042,0.0,0.0,20170721_180937_0f31,-122.54679467184324,37.77236838469567
1044,0.0,0.0,20170909_181729_0e0f,-122.10398230361591,37.793357119897664
1047,0.0,0.0,20180711_180350_1042,-117.99800708835195,33.69097809154398
1052,0.0,0.0,20170707_174130_0c0b,-122.3753330815847,37.766230408777204
1053,0.0,0.0,20170314_155238_0c12,-122.45523340881503,37.75332342581616
1055,0.0,0.0,20161202_180735_0e30,-122.20756227682108,37.67223336653358
1056,0.0,0.0,20170725_181220_103a,-122.37854409835012,37.777333519627916
1057,0.0,0.0,20170226_180945_0e26,-122.28985478958326,37.65764238090062
1061,0.0,0.0,20170101_180917_0e30,-122.46135803661265,37.711764627022994
1064,0.0,0.0,20170830_181003_0f4e,-122.3462766759156,37.82834406251277
1067,0.0,0.0,20170716_180834_101b,-122.63551629574572,37.78257269367165
1068,0.0,0.0,20170427_180609_1041,-122.35451857331459,37.65279526628116
1070,0.0,0.0,20170803_234846_0c54,-122.40290469580557,37.82350732489707
1071,0.0,0.0,20170917_190614_0f3c,-122.2124742192716,37.73851281406062
1073,0.0,0.0,20170328_181231_0e0f,-122.34415349002994,37.71373967177408
1074,0.0,0.0,20170519_181145_0e26,-122.16945700201477,37.709312592156024
1075,0.0,0.0,20170811_191957_0c1b,-122.38000192190461,37.82709335243613
1078,0.0,0.0,20170430_181116_0e26,-122.09743935074812,37.77662420695797
1080,0.0,0.0,20170415_180502_1024,-122.20153411893413,37.76802006694651
1084,0.0,0.0,20170605_180824_1032,-122.66073179154151,37.82631675838644
1089,0.0,0.0,20170713_180939_1002,-122.16673017818724,37.72486797473224
1091,0.0,0.0,20170430_181118_0e26,-122.22734439333793,37.66068351362439
1094,0.0,0.0,20161006_002711_1_0c1b,-122.32059617641094,37.75884324448535
1096,0.0,0.0,20170430_181117_0e26,-122.17931149878993,37.69529409128506
1097,0.0,0.0,20170901_181520_0e14,-122.52856908714683,37.794009573457515
1104,0.0,0.0,20161022_180612_0e19,-122.22472377936849,37.68045929342757
1105,0.0,0.0,20170721_180937_0f31,-122.52720393333597,37.76225974158327
1106,0.0,0.0,20180708_180908_0f47,-118.29060325642995,33.710588786831735
1108,0.0,0.0,20170504_180550_1025,-122.22353629241415,37.66382214238154
1110,0.0,0.0,20170802_191250_0f2a,-122.40579261292613,37.6585808308493
1113,0.0,0.0,20170905_181212_0f12,-122.17051537565193,37.809662113535246
1114,0.0,0.0,20170430_181118_0e26,-122.1300680285911,37.6490551873497
1116,0.0,0.0,20170504_180617_102d,-122.3778445755566,37.85666267570983
1117,0.0,0.0,20170713_180940_1002,-122.3221021529008,37.68706205645591
1123,0.0,0.0,20170827_181130_1014,-122.36333538035757,37.683668554011426
1128,0.0,0.0,20180712_180429_101b,-118.10397579034496,33.657987948758176
1132,0.0,0.0,20170519_181145_0e26,-122.08725653580036,37.707082522933014
1134,0.0,0.0,20170805_180925_1001,-121.98433864168372,37.71711049944024
1135,0.0,0.0,20170508_171051_0c43,-122.45909464129717,37.63912512966648
1138,0.0,0.0,20170805_180925_1001,-122.1615560941348,37.68557019378132
1146,0.0,0.0,20180712_211331_0f06,-118.40409480499461,33.761755805272244
1149,0.0,0.0,20170508_180612_1010,-122.46941853578812,37.7173983983531
1151,0.0,0.0,20170502_180545_1044,-122.34019186648356,37.822577852027266
1157,0.0,0.0,20170902_190520_0f53,-122.02611357072391,37.78906188203019
1159,0.0,0.0,20180712_211331_0f06,-118.16711762064074,33.72161164186578
1161,0.0,0.0,20170222_231255_0c27,-122.3647162082261,37.70127884026424
1163,0.0,0.0,20170902_181216_1005,-122.42258343300799,37.71707015891473
1164,0.0,0.0,20180712_180428_101b,-118.19464573278503,33.78281868724851
1171,0.0,0.0,20170605_180824_1032,-122.44664024845588,37.80966051926629
1173,0.0,0.0,20170709_181332_0e0e,-122.18140603343683,37.79251450593654
1174,0.0,0.0,20170902_190520_0f53,-122.06594120117501,37.762102203367
1175,0.0,0.0,20170515_180654_1007,-122.44502184493052,37.69789859662926
1176,0.0,0.0,20170713_180939_1002,-122.23881862139378,37.7260855587726
1178,0.0,0.0,20170730_181511_0e20,-122.42218832757476,37.82041288018853
1185,0.0,0.0,20170917_190616_0f3c,-122.20724900352954,37.84522779026798
1187,0.0,0.0,20170917_190708_0f44,-122.49344810876283,37.777640152552095
1188,0.0,0.0,20170724_181035_1011,-122.28400615724813,37.82717080051246
1189,0.0,0.0,20170712_181004_0f12,-122.31447776268166,37.72800994581504
1192,0.0,0.0,20170619_180824_1032,-122.32553155164976,37.85659095752911
1200,0.0,0.0,20170707_174131_0c0b,-122.34939182652873,37.75692370078929
1204,0.0,0.0,20170129_181028_0e1f,-122.38321652933718,37.67406692920198
1210,0.0,0.0,20170504_180547_1025,-122.34091784277985,37.844429444635495
1211,0.0,0.0,20170505_181257_0e2f,-122.2867147925204,37.783032431224306
1213,0.0,0.0,20170622_180818_1034,-122.22943146839535,37.79091863864866
1220,0.0,0.0,20170502_180545_1044,-122.22240895569733,37.75223358998901
1221,0.0,0.0,20170722_181118_101f,-122.43587377363853,37.75544959006133
1222,0.0,0.0,20170917_190616_0f3c,-122.30447990725452,37.79957844774304
1226,0.0,0.0,20161202_180734_0e30,-122.17253378608017,37.729505526252794
1228,0.0,0.0,20170501_180619_1005,-122.42265152103947,37.67318497155072
1231,0.0,0.0,20161218_180844_0e26,-122.52802558191966,37.84727481184221
1233,0.0,0.0,20170827_181130_1014,-122.42444790496006,37.722460164945794
1235,0.0,0.0,20170730_191230_0f21,-122.18114417099488,37.720480460531356
1237,0.0,0.0,20170501_181321_0e1f,-122.56935492461373,37.69428111888604
1242,0.0,0.0,20170427_180609_1041,-122.39764613116999,37.64812914533769
1255,0.0,0.0,20161006_003958_0c12,-122.41744319465516,37.68667926929303
1258,0.0,0.0,20170716_180834_101b,-122.65850941720294,37.75370915324143
1260,0.0,0.0,20170619_180824_1032,-122.31603733435607,37.83222818792443
1261,0.0,0.0,20170709_181333_0e0e,-122.3788089994296,37.72936695999068
1263,0.0,0.0,20170430_181118_0e26,-122.30967368232997,37.651351603646326
1268,0.0,0.0,20170226_180945_0e26,-122.11545623454599,37.616553129668084
1270,0.0,0.0,20170712_180940_0f15,-122.26663450203075,37.770633374622314
1272,0.0,0.0,20160816_013435_0c64,-122.3030225629262,37.68616668441882
1278,0.0,0.0,20170712_181004_0f12,-122.28827734476276,37.75508330868408
1281,0.0,0.0,20170712_180941_0f15,-122.43050922799225,37.699965539211135
1288,0.0,0.0,20170717_180819_1010,-122.34997239606268,37.66712844688545
1289,0.0,0.0,20170827_181130_1014,-122.39893093367422,37.750210589902096
1292,0.0,0.0,20170522_180634_0f42,-122.25268709059267,37.826300269163255
1293,0.0,0.0,20170703_180944_1009,-122.16265659212847,37.76918329044205
1295,0.0,0.0,20180712_180429_101b,-118.30857941329498,33.68770019517915
1298,0.0,0.0,20170805_180925_1001,-122.12793942161804,37.740837916440604
1309,0.0,0.0,20170902_190521_0f53,-122.278891898327,37.76416552788649
1313,0.0,0.0,20170522_180634_0f42,-122.1656619690832,37.80181360180734
1315,0.0,0.0,20170730_181511_0e20,-122.29318642810115,37.826090613801846
1320,0.0,0.0,20170508_171052_0c43,-122.40088891091153,37.60850497336647
1322,0.0,0.0,20170805_180925_1001,-122.04154410344307,37.69693161218746
1330,0.0,0.0,20170902_190521_0f53,-122.1586766078943,37.837806641108486
1334,0.0,0.0,20161006_002711_1_0c1b,-122.32999585497714,37.77019949342491
1336,0.0,0.0,20170730_181043_103d,-122.27682944600926,37.724107636731624
1337,0.0,0.0,20170414_180530_0f28,-122.25513329675304,37.70826263830916
1338,0.0,0.0,20170501_180554_1018,-122.22917533369662,37.687545791233184
1340,0.0,0.0,20170705_180815_103e,-122.23404174101402,37.77999787447583
1344,0.0,0.0,20170731_181111_100c,-122.20541623876532,37.70439589947727
1345,0.0,0.0,20170419_180520_1009,-122.32604295277878,37.68397508218398
1350,0.0,0.0,20170522_180636_0f42,-122.30896399228122,37.63985552189584
1351,0.0,0.0,20170403_180411_100f,-122.26136510345158,37.800397575429436
1356,0.0,0.0,20170222_231254_1_0c27,-122.48409193387968,37.62858328712219
1360,0.0,0.0,20180705_182236_0f4d,-122.29878194412136,37.8075482424561
1361,0.0,0.0,20170719_180900_101d,-122.36168689466153,37.800443084242275
1362,0.0,0.0,20170504_180549_1025,-122.15363830450032,37.73258903548146
1370,0.0,0.0,20180706_180314_1024,-117.96928178803842,33.629003320508104
1373,0.0,0.0,20170730_181042_103d,-122.15948899608844,37.75712835888534
1377,0.0,0.0,20170414_180529_0f28,-122.51318925079467,37.816660084321384
1378,0.0,0.0,20180708_180453_0f28,-118.24519579678,33.73835393172462
1391,0.0,0.0,20170910_181216_1010,-122.35476617375801,37.73807972593353
1392,0.0,0.0,20170822_181223_0f31,-122.2497047605467,37.740323963359444
1393,0.0,0.0,20170708_180811_100c,-122.03189046468803,37.70658681802912
1395,0.0,0.0,20170721_180826_100b,-122.30829323554393,37.708478341289286
1398,0.0,0.0,20170919_181413_0f1b,-122.2408886891324,37.66999197387337
1402,0.0,0.0,20170713_180940_1002,-122.30276598893738,37.70993295893804
1405,0.0,0.0,20170430_181116_0e26,-122.06576028202967,37.72773424458798
1407,0.0,0.0,20170902_190521_0f53,-122.08102614818036,37.883299861688904
1411,0.0,0.0,20170226_180943_0e26,-122.29272426712191,37.84236528654047
1412,0.0,0.0,20161006_004005_0c38,-122.36833247432081,37.868346925333356
1413,0.0,0.0,20170724_181035_1011,-122.1712893036596,37.73425568615352
1414,0.0,0.0,20170501_180553_1018,-122.30821392376453,37.75725700880078
1417,0.0,0.0,20170101_180917_0e30,-122.39616766502091,37.700497710245216
1419,0.0,0.0,20170730_181043_103d,-122.12419145847231,37.71214861888563
1420,0.0,0.0,20170712_181005_0f12,-122.2531884533761,37.640867623564
1421,0.0,0.0,20170430_181117_0e26,-122.02053447468622,37.700571469425554
1422,0.0,0.0,20170708_180811_100c,-122.19500832891812,37.757295215693325
1424,0.0,0.0,20170905_181212_0f12,-122.34308091285969,37.804288520479616
1425,0.0,0.0,20170818_180846_1035,-122.16757835610336,37.77376071912917
1426,0.0,0.0,20170909_181400_0f28,-122.34294040707998,37.72006017253266
1427,0.0,0.0,20161217_180919_0e30,-122.42701178908358,37.77847147395918
1429,0.0,0.0,20170708_180811_100c,-122.12635239773104,37.6991317307767
1431,0.0,0.0,20170830_181003_0f4e,-122.36264878375152,37.835220600551764
1432,0.0,0.0,20170830_181004_0f4e,-122.12771805488673,37.681322924937376
1436,0.0,0.0,20170508_180611_1010,-122.30133453398743,37.757243465473564
1444,0.0,0.0,20170721_180937_0f31,-122.4844148251927,37.734283618031235
1446,0.0,0.0,20170622_180819_1034,-122.20804082047488,37.72639655270069
1448,0.0,0.0,20170707_174130_0c0b,-122.32085718084211,37.80105299501839
1450,0.0,0.0,20170605_180824_1032,-122.41143504071124,37.80527176234683
1454,0.0,0.0,20161227_180931_0e30,-122.56847437247026,37.80497826478755
1456,0.0,0.0,20170620_232624_0c79,-122.39590954307717,37.67778299970322
1457,0.0,0.0,20170504_180547_1025,-122.33186789558985,37.80441473229353
1461,0.0,0.0,20170909_181359_0f28,-122.20690967694752,37.77497837816182
1467,0.0,0.0,20170803_234846_0c54,-122.25317492526956,37.74399630801404
1474,0.0,0.0,20170501_180611_100e,-122.43868358199471,37.72160945742322
1476,0.0,0.0,20170909_181359_0f28,-122.26217384558872,37.80816284755688
1480,0.0,0.0,20170830_181003_0f4e,-122.3120455247584,37.79216006577264
1483,0.0,0.0,20170502_180546_1044,-122.34818544693388,37.739152137243494
1487,0.0,0.0,20170502_180545_1044,-122.31516189888048,37.82735608044364
1488,0.0,0.0,20170403_180412_100f,-122.11240391204713,37.698811240587276
1490,0.0,0.0,20170707_174130_0c0b,-122.34164432776087,37.824073128229834
1491,0.0,0.0,20170211_181115_0e16,-122.31192343387383,37.75754911839131
1497,0.0,0.0,20170905_181214_0f12,-122.1970477359889,37.71353258991616
1498,0.0,0.0,20170702_180943_103c,-122.29241794939065,37.73869535942699
1502,0.0,0.0,20170620_232624_0c79,-122.36692647273983,37.753477033941955
1503,0.0,0.0,20160820_233143_0c53,-122.24956687505032,37.8583755416039
1507,0.0,0.0,20170604_180819_0f52,-122.40353587377015,37.821320351649234
1509,0.0,0.0,20170917_190707_0f44,-122.3946224097109,37.7732801999603
1510,0.0,0.0,20170716_180815_103a,-122.33439406261999,37.8077278071898
1511,0.0,0.0,20170830_181003_0f4e,-122.08543845241851,37.788482833332814
1513,0.0,0.0,20170715_180931_101a,-122.29967367534287,37.74917588844567
1514,0.0,0.0,20170730_181511_0e20,-122.38922871634075,37.84501438737822
1517,0.0,0.0,20170427_180609_1041,-122.51767608494018,37.671637935350475
1532,0.0,0.0,20170730_181513_0e20,-122.31539459102311,37.73196303416492
1533,0.0,0.0,20170909_181359_0f28,-122.37504995162652,37.807950510573086
1536,0.0,0.0,20170919_181413_0f1b,-122.30719803832834,37.687191755283735
1537,0.0,0.0,20170730_181513_0e20,-122.415669084263,37.75229568538717
1539,0.0,0.0,20170909_181729_0e0f,-122.2519776185654,37.7580761719656
1545,0.0,0.0,20170917_190615_0f3c,-122.20914884196638,37.763042139642245
1550,0.0,0.0,20170805_180925_1001,-122.11229121143568,37.70540796806745
1551,0.0,0.0,20170802_191250_0f2a,-122.3350297765945,37.68345826525159
1552,0.0,0.0,20180708_180909_0f47,-118.19355414825759,33.78821328548772
1553,0.0,0.0,20170106_180851_0e30,-122.18697814797275,37.703702373704154
1556,0.0,0.0,20170129_181027_0e1f,-122.29808404678268,37.762442734298254
1557,0.0,0.0,20170519_181144_0e26,-122.1969092319256,37.75787600685965
1558,0.0,0.0,20170129_181028_0e1f,-122.48042356454559,37.71590614778564
1563,0.0,0.0,20170923_181241_0f42,-122.31366169864049,37.70945609858947
1566,0.0,0.0,20170414_180529_0f28,-122.24243254640874,37.79568071172227
1569,0.0,0.0,20161202_180735_0e30,-122.15391007538881,37.67875572992192
1572,0.0,0.0,20170522_180634_0f42,-122.1444400885909,37.786330334440386
1575,0.0,0.0,20170827_181130_1014,-122.27251874067336,37.681034206284515
1578,0.0,0.0,20170925_181400_103e,-122.19403725676703,37.718081694606134
1580,0.0,0.0,20170605_180824_1032,-122.50554910107107,37.81232901238395
1582,0.0,0.0,20180710_182342_1011,-122.30336474712875,37.72232058903636
1583,0.0,0.0,20170226_180945_0e26,-122.30624065997664,37.64384143506762
1586,0.0,0.0,20170508_171051_0c43,-122.40787547166238,37.64899213181819
1588,0.0,0.0,20180713_180401_1035,-118.2288746601656,33.804180849181186
1590,0.0,0.0,20170703_180944_1009,-122.30434235919608,37.810609587434314
1593,0.0,0.0,20170811_191958_0c1b,-122.41702604505032,37.89163524693535
1598,0.0,0.0,20170430_181117_0e26,-122.15210322199844,37.72389841995879
1600,0.0,0.0,20161218_180846_0e26,-122.4673504935158,37.682940389403434
1601,0.0,0.0,20170917_190615_0f3c,-122.42409613821076,37.7634774262539
1602,0.0,0.0,20170403_180411_100f,-122.24288486821858,37.794764291766434
1610,0.0,0.0,20170909_181400_0f28,-122.32484462928555,37.77479380802847
1612,0.0,0.0,20170730_181043_103d,-122.16413522019414,37.75886486714039
1613,0.0,0.0,20170731_181110_100c,-122.1100734442055,37.74570660140298
1614,0.0,0.0,20170822_181224_0f31,-122.43931484618469,37.72366747467724
1615,0.0,0.0,20161011_185736_0c72,-122.43812033906474,37.79161202045192
1618,0.0,0.0,20170827_181130_1014,-122.51622064685309,37.7124081021492
1621,0.0,0.0,20170502_180546_1044,-122.21972260566585,37.72266190880681
1623,0.0,0.0,20170211_181115_0e16,-122.46760043032178,37.804890041697504
1626,0.0,0.0,20170827_181129_1014,-122.42361421220565,37.759743625696835
1632,0.0,0.0,20170805_180925_1001,-122.15781691483255,37.70030704463924
1641,0.0,0.0,20170717_180817_1010,-122.4503057154802,37.857672181363135
1642,0.0,0.0,20170730_181043_103d,-122.20324621174798,37.72271393777617
1644,0.0,0.0,20161006_003958_0c12,-122.44736027864329,37.79536011286129
1650,0.0,0.0,20170905_181215_0f12,-122.3394523930154,37.67583088040237
1651,0.0,0.0,20170211_181116_0e16,-122.33715883765997,37.72711216016843
1652,0.0,0.0,20180708_180908_0f47,-118.33059710066665,33.677833331038805
1653,0.0,0.0,20170328_181230_0e0f,-122.37146662827983,37.80852630771019
1657,0.0,0.0,20161116_180803_0e14,-122.44388637557398,37.79058484359662
1659,0.0,0.0,20180714_182329_101d,-122.0241323880503,37.75316504666821
1662,0.0,0.0,20170830_181004_0f4e,-122.14034190617642,37.70769785377537
1666,0.0,0.0,20170522_180634_0f42,-122.14489310541416,37.75883497221657
1670,0.0,0.0,20180714_180352_100e,-118.01511678073008,33.64308384436882
1674,0.0,0.0,20161102_180658_0e26,-122.35877759625123,37.75064792039788
1675,0.0,0.0,20170730_191231_0f21,-122.16352960942528,37.800527652089706
1684,0.0,0.0,20170830_181003_0f4e,-122.10322425142715,37.782779164413135
1688,0.0,0.0,20170501_180554_1018,-122.3123689865359,37.643039079810116
1691,0.0,0.0,20180706_180914_1051,-118.24927440050674,33.73823156158295
1694,0.0,0.0,20170716_180817_103a,-122.3711944330832,37.71594200419825
1702,0.0,0.0,20170905_181212_0f12,-122.23230950779741,37.77620112547127
1703,0.0,0.0,20180714_180352_100e,-118.13248398218231,33.69284890771396
1714,0.0,0.0,20170811_191958_0c1b,-122.41034549647401,37.89506294322339
1717,0.0,0.0,20170617_180855_1031,-122.55926043826199,37.7956155537909
1718,0.0,0.0,20170716_180817_103a,-122.21870007527612,37.65143309411058
1720,0.0,0.0,20170730_181511_0e20,-122.34808927392939,37.785037388910325
1721,0.0,0.0,20170619_180826_1032,-122.46686225646539,37.67509661832974
1723,0.0,0.0,20170909_181400_0f28,-122.25696461508392,37.73617885654832
1727,0.0,0.0,20161212_180855_0e30,-122.4059168936673,37.87294991547966
1728,0.0,0.0,20170501_181319_0e1f,-122.31819231004994,37.772132695877595
1729,0.0,0.0,20170906_190631_1_0f4a,-122.27973559513222,37.701709700624534
1731,0.0,0.0,20170730_181511_0e20,-122.24264413607064,37.82834515231257
1732,0.0,0.0,20170702_180943_103c,-122.40626158671971,37.719233378938654
1735,0.0,0.0,20170712_181046_1035,-122.60359267012659,37.71251791691466
1736,0.0,0.0,20170430_181117_0e26,-122.25824062907711,37.71406867155918
1739,0.0,0.0,20170101_180916_0e30,-122.38102775416876,37.80630564234043
1740,0.0,0.0,20170709_181333_0e0e,-122.27983498771106,37.69143527757834
1741,0.0,0.0,20180708_180909_0f47,-118.23429813141489,33.73719175570661
1743,0.0,0.0,20170909_181401_0f28,-122.3067696085388,37.65644509280444
1744,0.0,0.0,20170508_180612_1010,-122.25203269198849,37.70183465412094
1745,0.0,0.0,20170718_180714_102f,-122.1102738059623,37.643526692353845
1746,0.0,0.0,20161006_004003_0c38,-122.43387249673621,37.7141505445789
1747,0.0,0.0,20160905_193459_0c37,-122.30642544690812,37.70438439693344
1752,0.0,0.0,20170501_180552_1018,-122.30151990010474,37.849718289215176
1754,0.0,0.0,20180709_182116_0f2b,-122.18121613730705,37.80354507249816
1756,0.0,0.0,20170429_180517_1002,-122.09019311093886,37.736902324785504
1760,0.0,0.0,20180705_213444_0f02,-122.30009000989445,37.730277829549834
1764,0.0,0.0,20161227_180931_0e30,-122.63773903987338,37.84366161077844
1765,0.0,0.0,20161006_002711_0c1b,-122.32556920496363,37.78877724113449
1769,0.0,0.0,20170505_181258_0e2f,-122.16814461714941,37.71406225712027
1770,0.0,0.0,20170723_180811_1005,-122.21400682638827,37.735251292625684
1777,0.0,0.0,20161202_180735_0e30,-122.33778854073893,37.694614133343194
1778,0.0,0.0,20170919_181413_0f1b,-122.36131996829101,37.73219376997982
1779,0.0,0.0,20170731_181110_100c,-122.30559838878357,37.79658370224589
1786,0.0,0.0,20170708_180827_1021,-122.45973264617584,37.771514674256174
1788,0.0,0.0,20170612_180826_1036,-122.4250207320334,37.81999411362471
1793,0.0,0.0,20170501_180617_1005,-122.44884140778483,37.82989617292411
1795,0.0,0.0,20180712_211332_0f06,-118.37235662858444,33.68687294208741
1798,0.0,0.0,20180712_182125_103f,-122.44099943959827,37.77126506068868
1803,0.0,0.0,20170919_181711_0e20,-122.33902437258699,37.73937151600655
1805,0.0,0.0,20170522_180635_0f42,-122.21081561129876,37.69267000891473
1807,0.0,0.0,20170703_180946_1009,-122.28398714654318,37.68072583868223
1811,0.0,0.0,20170822_181224_0f31,-122.4209386932131,37.67033738938749
1812,0.0,0.0,20170910_181215_1010,-122.28183181529016,37.77362017189143
1814,0.0,0.0,20170501_180552_1018,-122.2878517904958,37.78525652072115
1815,0.0,0.0,20170708_180826_1021,-122.42374112636251,37.78288998003843
1822,0.0,0.0,20170501_180611_100e,-122.2609282800626,37.62845101560005
1829,0.0,0.0,20170815_180822_102d,-122.31058897766523,37.72885252974886
1830,0.0,0.0,20180712_211332_0f06,-118.22382768245986,33.6634069085091
1832,0.0,0.0,20170106_180852_0e30,-122.16187481882541,37.66026351874788
1839,0.0,0.0,20170715_180932_101a,-122.10637692631006,37.63387116865436
1840,0.0,0.0,20170508_180611_1010,-122.4197230489025,37.76083314812999
1842,0.0,0.0,20170502_180546_1044,-122.2985487817661,37.71320676479129
1846,0.0,0.0,20170705_180816_103e,-122.31607235906512,37.70638759775161
1860,0.0,0.0,20170731_181112_100c,-122.22466043143726,37.63094927620458
1861,0.0,0.0,20170718_180714_102f,-122.21904393129624,37.634832996288175
1862,0.0,0.0,20170815_180821_102d,-122.13604188261739,37.77315516376871
1867,0.0,0.0,20170419_180519_1009,-122.1904412962225,37.74823285305546
1869,0.0,0.0,20180713_180403_1035,-118.29418873156807,33.753190377835374
1871,0.0,0.0,20170705_180815_103e,-122.38152144143817,37.845163434414864
1873,0.0,0.0,20170222_231254_1_0c27,-122.4008216674123,37.72688510312396
1874,0.0,0.0,20170905_181215_0f12,-122.25944612619553,37.70580217475798
1876,0.0,0.0,20170314_155238_0c12,-122.42810237542236,37.76514634234422
1877,0.0,0.0,20170314_155238_0c12,-122.47378106298383,37.74067205726606
1878,0.0,0.0,20170702_180943_103c,-122.37831171763855,37.7033252018865
1885,0.0,0.0,20170501_180617_1005,-122.44260328160054,37.83889788937473
1897,0.0,0.0,20170803_234846_0c54,-122.31288402791509,37.76047496934605
1904,0.0,0.0,20170830_181004_0f4e,-122.2910315824547,37.73768657176387
1909,0.0,0.0,20170709_181333_0e0e,-122.12800669596987,37.70606603037235
1912,0.0,0.0,20170703_180944_1009,-122.18513556522487,37.75695697322898
1916,0.0,0.0,20170703_180944_1009,-122.32882122041141,37.83227469668378
1918,0.0,0.0,20170501_181319_0e1f,-122.40559373689004,37.81549029342611
1921,0.0,0.0,20161018_192144_0c24,-122.33281349204776,37.75610095095237
1922,0.0,0.0,20161227_180931_0e30,-122.37023118966783,37.805518360485074
1924,0.0,0.0,20170620_232624_1_0c79,-122.4573859066906,37.70103867473599
1926,0.0,0.0,20170712_181004_0f12,-122.05772937084332,37.73553867373195
1936,0.0,0.0,20170501_180618_1005,-122.29455450430522,37.77545457593399
1940,0.0,0.0,20170515_180653_1007,-122.27673446632457,37.77934834137929
1945,0.0,0.0,20180709_182127_0e20,-122.37180878026557,37.695584429273396
1947,0.0,0.0,20180708_180454_0f28,-118.1621584091086,33.65869918232947
1948,0.0,0.0,20170522_180636_0f42,-122.26209495803494,37.69951857903272
1950,0.0,0.0,20161218_180845_0e26,-122.46208948506698,37.79413039505957
1952,0.0,0.0,20161018_192055_0d05,-122.28685147391981,37.648052185960495
1953,0.0,0.0,20170724_181035_1011,-122.18225716804702,37.7585593827794
1961,0.0,0.0,20170731_181111_100c,-122.18250018877207,37.702400560579164
1962,0.0,0.0,20161218_180846_0e26,-122.40156536685352,37.727537830775425
1964,0.0,0.0,20170819_174915_1035,-118.079838380833,33.73036017029306
1965,0.0,0.0,20170719_180900_101d,-122.40631417489534,37.80213655368427
1967,0.0,0.0,20170716_180815_103a,-122.30380083011885,37.78116076616691
1971,0.0,0.0,20170724_181036_1011,-122.25624069067115,37.709837917947155
1972,0.0,0.0,20161006_004003_0c38,-122.46471851960996,37.73668346826086
1973,0.0,0.0,20170707_181135_100b,-122.33461976095035,37.786368132591655
1978,0.0,0.0,20170501_180554_1018,-122.18668864341592,37.68347489343083
1987,0.0,0.0,20161006_002711_1_0c1b,-122.31250467028002,37.76466384872186
1988,0.0,0.0,20161218_180846_0e26,-122.38098418888359,37.66432089876209
1991,0.0,0.0,20161227_180931_0e30,-122.62430397789028,37.830370256708974
1992,0.0,0.0,20170713_180938_1002,-122.23323793261677,37.81162831391954
1995,0.0,0.0,20180706_180314_1024,-118.0678601071873,33.65995567777042
1999,0.0,0.0,20180711_180503_1027,-118.40046581434932,33.761688821224865
2003,0.0,0.0,20170709_181333_0e0e,-122.34352931958689,37.71890075305931
2009,0.0,0.0,20171119_181612_0f52,-122.34940708073549,37.76684722887759
2010,0.0,0.0,20170621_181251_0e26,-122.33791302080623,37.76856780573772
2014,0.0,0.0,20170721_180937_0f31,-122.34938987578305,37.73769866043268
2015,0.0,0.0,20170919_181711_0e20,-122.3355680631205,37.756549142641184
2016,0.0,0.0,20170910_181216_1010,-122.34227541795326,37.71827185469131
2018,0.0,1.0,20170909_181730_0e0f,-122.35739594493585,37.76864862076902
2019,0.0,0.0,20170609_180756_103a,-122.33747868524297,37.73706448518304
2020,0.0,0.0,20170504_180549_1025,-122.34922717946581,37.740726181746695
2023,0.0,0.0,20171023_175304_1039,-118.16834018603161,33.73537147358312
2024,0.0,0.0,20161202_180735_0e30,-122.34023570171726,37.737161067450586
2028,0.0,0.0,20161103_195523_0c27,-122.35134984883098,37.74720030845059
2029,0.0,0.0,20170703_180945_1009,-122.32592101815499,37.719991127048715
2031,0.0,0.0,20170702_181120_103a,-122.32882240670818,37.70778580613692
2034,0.0,1.0,20171023_175304_1039,-118.21206107676302,33.72872722067327
2044,0.0,0.0,20180712_180755_0f2d,-118.158156421572,33.734222854222935
2046,0.0,0.0,20180706_180914_1051,-118.22334583546876,33.739005263384286
2053,0.0,0.0,20170724_181036_1011,-122.34956240239082,37.74911025657367
2057,0.0,0.0,20170515_180653_1007,-122.34501909880646,37.731401296334035
2059,0.0,0.0,20161218_180845_0e26,-122.32608603844608,37.72807687984217
2066,0.0,0.0,20180708_182359_1032,-122.33616294394129,37.728079978004786
2067,0.0,0.0,20180712_180428_101b,-118.16363900123855,33.72775908338051
2069,0.0,0.0,20171210_181628_100a,-122.33262073174159,37.72067819287025
2073,0.0,0.0,20170815_180821_102d,-122.33971895196679,37.76849682060519
2078,0.0,0.0,20170515_180653_1007,-122.35113718187927,37.7832425831545
2080,0.0,0.0,20170909_181400_0f28,-122.34039083813566,37.73502581823358
2083,0.0,0.0,20171217_181637_1032,-122.34385911119686,37.758677625704856
2086,0.0,0.0,20161227_180931_0e30,-122.45953552184206,37.8172913810253
2090,0.0,0.0,20170925_181359_103e,-122.3474878510559,37.76818858383492
2091,0.0,0.0,20170501_180618_1005,-122.34195953981674,37.75012259018739
2092,0.0,0.0,20170613_180813_1017,-122.33175753246914,37.74855098241568
2093,0.0,0.0,20180712_211331_0f06,-118.21143560572524,33.73030258431774
2096,0.0,0.0,20170613_180813_1017,-122.33490508316835,37.72788361142818
2097,0.0,0.0,20170723_180812_1005,-122.32695788604424,37.72578350465357
2099,0.0,0.0,20180712_180755_0f2d,-118.20840849888495,33.70839010087548
2102,0.0,0.0,20171023_181359_1044,-122.34348699227789,37.7275531650489
2107,0.0,0.0,20171127_181539_101e,-122.32498270773644,37.72961181708423
2111,0.0,0.0,20170622_180819_1034,-122.32155279019929,37.724941336862365
2112,0.0,1.0,20170713_180939_1002,-122.3376090877832,37.73771416489413
2114,0.0,0.0,20160710_182140_0c78,-122.34389597555513,37.750647134514566
2117,0.0,0.0,20170822_181223_0f31,-122.34697746648017,37.75650475687774
2119,0.0,0.0,20180708_182359_1032,-122.34677906000445,37.74033408765634
2121,0.0,0.0,20170609_180757_103a,-122.34064569007742,37.71780307895605
2123,0.0,0.0,20171118_181532_1030,-122.33738353565393,37.7362798061611
2124,0.0,0.0,20170910_181215_1010,-122.35014498945,37.77983016715753
2131,0.0,0.0,20170705_180816_103e,-122.34180532522628,37.74831008901431
2138,0.0,0.0,20180708_180908_0f47,-118.21851683813276,33.69749556773139
2140,0.0,0.0,20180711_180503_1027,-118.22382653719292,33.73864877734986
2147,0.0,0.0,20170618_180801_0f34,-122.33607911292972,37.76033753229621
2148,0.0,0.0,20180708_180453_0f28,-118.23067180200556,33.72816435572457
2155,0.0,0.0,20170702_180943_103c,-122.3479990846333,37.7409897893896
2157,0.0,0.0,20170501_180618_1005,-122.33763349774429,37.73879587997556
2163,0.0,0.0,20170617_180854_1031,-122.35810728151603,37.79274449867814
2164,0.0,0.0,20170609_180750_101b,-122.41080198242459,37.85061322724968
2168,0.0,0.0,20170905_181214_0f12,-122.3504108590585,37.74943940887163
2171,0.0,0.0,20170705_180816_103e,-122.33792826777015,37.736282867053006
2176,0.0,0.0,20160710_182140_0c78,-122.33222040157942,37.75009485108779
2178,0.0,0.0,20160820_233143_0c53,-122.36102020218988,37.77102075095342
2181,0.0,0.0,20180708_180454_0f28,-118.22720693133382,33.72132672554844
2183,0.0,0.0,20171217_181636_1032,-122.3564537118026,37.79089681028616
2185,0.0,0.0,20180712_180429_101b,-118.19618217944935,33.66243299051972
2186,0.0,0.0,20170815_180822_102d,-122.33000602354856,37.73886092913296
2189,0.0,0.0,20170615_180728_1003,-122.34680693017529,37.74103726778872
2194,0.0,0.0,20170619_180825_1032,-122.3411744832961,37.719590644930385
2196,0.0,0.0,20161202_180734_0e30,-122.34752499991899,37.767837278289846
2210,0.0,0.0,20180203_181746_1035,-122.3239289866504,37.72568505436398
2211,0.0,0.0,20161006_004004_0c38,-122.34842215196089,37.758757021099356
2212,0.0,0.0,20161202_180734_0e30,-122.34698537722498,37.75947913152197
2213,0.0,0.0,20171217_181637_1032,-122.34114020567807,37.71961749290595
2215,0.0,0.0,20180712_211331_0f06,-118.2281607641787,33.729190412557024
2216,0.0,0.0,20170501_181320_0e1f,-122.33963313856862,37.73983459871861
2223,0.0,0.0,20170622_180819_1034,-122.32603124025987,37.70782396331996
2228,0.0,0.0,20170901_181520_0e14,-122.35350851945664,37.75740602469852
2230,0.0,0.0,20171127_181539_101e,-122.33108315263758,37.709961819674255
2233,0.0,0.0,20170502_180546_1044,-122.34588033257505,37.76120352217923
2238,0.0,0.0,20170716_180816_103a,-122.36088224135898,37.767261534648846
2240,0.0,0.0,20170901_181520_0e14,-122.35015334045895,37.747734505939945
2241,0.0,0.0,20180712_180428_101b,-118.15283237993859,33.735652526102484
2246,0.0,0.0,20170827_181129_1014,-122.35406310723904,37.748459023072314
2250,0.0,0.0,20171129_181544_1022,-122.35166440904003,37.75017637534553
2251,0.0,0.0,20180705_182236_0f4d,-122.3416374990331,37.751878352416476
2252,0.0,0.0,20170702_181120_103a,-122.33451714463017,37.74840436001429
2256,0.0,0.0,20170414_180530_0f28,-122.33755761918904,37.73584815330187
2258,0.0,0.0,20170815_180821_102d,-122.35936346628462,37.801160530560615
2270,0.0,0.0,20180205_181812_1030,-122.35008428646205,37.740054924444166
2272,0.0,0.0,20170707_181135_100b,-122.34163099645102,37.74876878526367
2274,0.0,0.0,20180712_180429_101b,-118.21768965098305,33.70310425649003
2276,0.0,0.0,20180712_211332_0f06,-118.21726843657075,33.70078161742477
2279,0.0,0.0,20171127_181538_101e,-122.35424009205443,37.7868558513159
2281,0.0,0.0,20171118_185722_0f2d,-122.34479527134962,37.7606567074232
2282,0.0,0.0,20171117_185444_104c,-122.33043537744814,37.74789453329951
2283,0.0,0.0,20180706_180914_1051,-118.2167882213538,33.71263673990788
2287,0.0,0.0,20171127_181539_101e,-122.34789535829744,37.72952447798042
2290,0.0,0.0,20171117_185444_104c,-122.3474244546758,37.728872924007284
2292,0.0,0.0,20170604_180820_0f52,-122.32349467200098,37.728521708022924
2293,0.0,0.0,20170707_174131_0c0b,-122.34312205925757,37.71876328685834
2295,0.0,0.0,20180712_211331_0f06,-118.15983246975648,33.733638949679246
2297,0.0,0.0,20170501_181320_0e1f,-122.33600963512579,37.729998918173784
2299,0.0,0.0,20170616_180825_100e,-122.3477118253606,37.76207893307795
2302,0.0,0.0,20171023_175305_1039,-118.13714196052298,33.697540927764976
2303,0.0,0.0,20180711_180503_1027,-118.18225466769897,33.71573182995127
2304,0.0,0.0,20161218_180845_0e26,-122.33192073974955,37.74933604999511
2310,0.0,0.0,20161018_193329_0c45,-122.35795190402878,37.76738080220403
2313,0.0,0.0,20170827_181130_1014,-122.32516249022738,37.72855830702204
2316,0.0,0.0,20171217_181637_1032,-122.36073560247907,37.77242525237134
2319,0.0,0.0,20170622_180819_1034,-122.33884846521858,37.73617987416077
2325,0.0,0.0,20170719_180901_101d,-122.34001300052934,37.769904511997176
2328,0.0,0.0,20171127_185538_0f29,-122.3375119108174,37.71040371162198
2329,0.0,0.0,20170619_181346_0e30,-122.33171189240939,37.719537384501045
2330,0.0,0.0,20170609_180751_101b,-122.34645379723118,37.73860175956163
2334,0.0,0.0,20161102_180658_0e26,-122.35827124259994,37.76984312140748
2335,0.0,0.0,20180706_180314_1024,-118.21566781851034,33.71124087830695
2337,0.0,0.0,20180712_180755_0f2d,-118.15241434258684,33.735872875169434
2338,0.0,0.0,20170910_181216_1010,-122.32929933321851,37.73793756929841
2339,0.0,0.0,20180707_182443_0f17,-122.33361968797698,37.74975125892696
2341,0.0,0.0,20161202_180734_0e30,-122.33559026901894,37.757874196419245
2345,0.0,0.0,20170515_180654_1007,-122.3419825493718,37.720595620788025
2346,0.0,0.0,20170515_180653_1007,-122.3329403490864,37.74955814025886
2347,0.0,0.0,20161102_202001_0c75,-122.33669212065975,37.756528435140176
2348,0.0,0.0,20170901_181520_0e14,-122.35963864537221,37.79296914588649
2350,0.0,0.0,20170501_180553_1018,-122.33553231016819,37.7300773470118
2351,0.0,0.0,20170609_180757_103a,-122.33945312019455,37.7371026056504
2354,0.0,0.0,20170620_180742_102f,-122.34274654482738,37.73044226520767
2357,0.0,0.0,20170717_180818_1010,-122.33192560143925,37.74879528973686
2358,0.0,0.0,20170822_181223_0f31,-122.34068235231403,37.74822269423428
2359,0.0,0.0,20170429_180518_1002,-122.32690947203491,37.738654011293825
2366,0.0,0.0,20170722_181118_101f,-122.46899510068963,37.82428348815671
2367,0.0,0.0,20180711_180503_1027,-118.21395108220523,33.73187415892373
2369,0.0,0.0,20170616_180825_100e,-122.3366245042188,37.760286524892685
2374,0.0,0.0,20171119_181613_0f52,-122.3474006151754,37.727710093258
2375,0.0,0.0,20161202_180735_0e30,-122.32655406293756,37.73654290528392
2378,0.0,0.0,20171129_181545_1022,-122.34185476775444,37.71964852373882
2382,0.0,0.0,20170129_181027_0e1f,-122.31980040336208,37.715548530588656
2383,0.0,0.0,20170619_180817_0f3f,-122.33776766108814,37.75812980598674
2384,0.0,0.0,20170522_180635_0f42,-122.34856501556398,37.758000708483756
2392,0.0,0.0,20170827_181130_1014,-122.35201035426039,37.74955637131171
2396,0.0,0.0,20170619_181346_0e30,-122.33928359916106,37.691026245625174
2398,0.0,0.0,20180708_180453_0f28,-118.22462449427826,33.7378291990087
2403,0.0,0.0,20170909_181730_0e0f,-122.328690403617,37.73750147187397
2404,0.0,0.0,20170702_180943_103c,-122.34531525272328,37.728698991943546
2408,0.0,0.0,20170619_181346_0e30,-122.33265992148048,37.75044885256333
2411,0.0,0.0,20170129_181026_0e1f,-122.40277681715277,37.830915397783336
2413,0.0,0.0,20170822_181223_0f31,-122.3475666618339,37.766972250430435
2415,0.0,0.0,20170721_180937_0f31,-122.3411614669696,37.74795497934581
2420,0.0,0.0,20180712_211331_0f06,-118.22624112486635,33.721715097944355
2424,0.0,0.0,20171207_181551_103c,-122.32664297577985,37.73800354282781
2425,0.0,0.0,20170827_181129_1014,-122.3386993031214,37.76824774910236
2428,0.0,1.0,20180712_180755_0f2d,-118.22835000910443,33.72883680793043
2429,0.0,0.0,20170508_180611_1010,-122.35982463574277,37.79115852801077
2430,0.0,0.0,20170708_180827_1021,-122.34171370989291,37.74711984329501
2437,0.0,0.0,20180712_180429_101b,-118.15261990755589,33.69553062062659
2439,0.0,0.0,20171119_181613_0f52,-122.33908021390909,37.71776727364507
2440,0.0,0.0,20170419_180519_1009,-122.3315687914841,37.75060490563893
2441,0.0,0.0,20170716_180833_101b,-122.43326038254094,37.816735264047345
2452,0.0,0.0,20170723_180811_1005,-122.33055384955004,37.74608356658433
2453,0.0,0.0,20171213_181610_100c,-122.33274672083205,37.74836731094463
2456,0.0,0.0,20170702_180943_103c,-122.33484386237805,37.74994744979224
2461,0.0,0.0,20170830_181004_0f4e,-122.34644547725367,37.739548094396234
2463,0.0,0.0,20170703_180945_1009,-122.34270476653322,37.71976142405217
2464,0.0,0.0,20170604_180820_0f52,-122.33803002181052,37.74015007967302
2466,0.0,0.0,20170619_180825_1032,-122.33700612706447,37.759504531329995
2468,0.0,0.0,20170724_181036_1011,-122.32141243627227,37.71793729818083
2473,0.0,0.0,20171118_185722_0f2d,-122.34509171943485,37.72702130096803
2476,0.0,0.0,20170707_181135_100b,-122.33681999021636,37.73838571407204
2477,0.0,0.0,20170719_180901_101d,-122.34817535138107,37.77135598901717
2480,0.0,0.0,20170419_180520_1009,-122.33155152194426,37.748739089954434
2481,0.0,0.0,20170620_180742_102f,-122.33851414609958,37.73931457485703
2483,0.0,0.0,20170708_180827_1021,-122.34310234660427,37.71714080417445
2484,0.0,0.0,20170925_181400_103e,-122.35067379299348,37.74662875793345
2487,0.0,0.0,20170501_180553_1018,-122.34238905656527,37.75161215434463
2488,0.0,0.0,20180709_182127_0e20,-122.33269139029335,37.727979258953425
2494,0.0,0.0,20170712_180941_0f15,-122.32318237359226,37.717947472563274
2496,0.0,0.0,20170619_180825_1032,-122.34896119043214,37.73999464763763
2499,0.0,0.0,20170620_232624_0c79,-122.34577071807827,37.738841325328956
2509,0.0,0.0,20170604_180820_0f52,-122.3545386336167,37.76035896311274
2512,0.0,0.0,20171207_181551_103c,-122.33439856876691,37.727421081235406
2515,0.0,0.0,20171022_175534_100e,-118.2275275811905,33.7211070939176
2519,0.0,0.0,20180210_181908_1006,-122.3519342583584,37.78559938537483
2526,0.0,0.0,20180705_213443_0f02,-122.34611276200474,37.75801416728423
2527,0.0,0.0,20180711_182157_1048,-122.35334128778854,37.780523734168455
2529,0.0,0.0,20170703_180946_1009,-122.3269900230495,37.707180490325484
2530,0.0,0.0,20180706_180914_1051,-118.14567407142576,33.72822468696302
2533,0.0,0.0,20170815_180822_102d,-122.33591003774664,37.76020138293472
2535,0.0,0.0,20170901_181520_0e14,-122.35161105617306,37.76799502819567
2540,0.0,0.0,20180713_180403_1035,-118.10947976302818,33.66583910042202
2545,0.0,1.0,20170721_180937_0f31,-122.34454977529182,37.75759989431317
2550,0.0,0.0,20170620_180742_102f,-122.34760118769937,37.73977081239799
2552,0.0,0.0,20161011_185736_0c72,-122.33929242287445,37.77049533872591
2553,0.0,0.0,20171025_175647_0e26,-118.14332763284955,33.73441517168705
2554,0.0,0.0,20170723_180811_1005,-122.34759229368638,37.7369045802977
2561,0.0,0.0,20171217_181637_1032,-122.35753040250287,37.79247096197805
2562,0.0,0.0,20170505_181258_0e2f,-122.34892903745018,37.73977815439449
2566,0.0,0.0,20180712_180428_101b,-118.15263086801052,33.73511329130758
2567,0.0,0.0,20171119_181613_0f52,-122.32814224256553,37.737876900828944
2571,0.0,0.0,20170622_180819_1034,-122.33069523826285,37.73794550381866
2573,0.0,0.0,20170106_180851_0e30,-122.34625465171712,37.73027249632148
2576,0.0,0.0,20170314_155240_0c12,-122.32886318641262,37.71835850223938
2578,0.0,0.0,20170314_155238_0c12,-122.32983736420354,37.719797138747296
2579,0.0,1.0,20180708_180454_0f28,-118.22731521660256,33.722110261322406
2584,0.0,0.0,20170619_180825_1032,-122.33149801114331,37.75090193739879
2585,0.0,0.0,20180708_180909_0f47,-118.22976104034689,33.72787581870198
2586,0.0,0.0,20180706_180314_1024,-118.10919066387922,33.66600403286906
2591,0.0,0.0,20180708_180453_0f28,-118.1658213779464,33.72871250651065
2592,0.0,0.0,20171217_181637_1032,-122.33920518380711,37.73818279409544
2603,0.0,0.0,20170515_180653_1007,-122.34065048353553,37.7402999645252
2609,0.0,0.0,20170622_180819_1034,-122.3336117337335,37.727849267775106
2610,0.0,0.0,20180131_175841_1010,-118.21805384901361,33.724312298019306
2618,0.0,0.0,20170508_180612_1010,-122.33528244414063,37.727561265984455
2619,0.0,0.0,20171217_181637_1032,-122.34643530887935,37.76780420041414
2622,0.0,0.0,20180708_180908_0f47,-118.15403258798824,33.73580364848464
2627,0.0,0.0,20170702_180943_103c,-122.33214759020176,37.72029696017205
2630,0.0,0.0,20161116_180802_0e14,-122.39006088934374,37.82263034009153
2631,0.0,0.0,20171023_175305_1039,-118.22791567170337,33.72107617998688
2632,0.0,0.0,20170619_181346_0e30,-122.34514251553766,37.759901535462234
2634,0.0,0.0,20180710_180333_1002,-118.23040237262641,33.72743654102458
2643,0.0,0.0,20180707_180451_102e,-118.22449882099471,33.73810100078751
2644,0.0,0.0,20180708_180908_0f47,-118.15414095681703,33.736641365332424
2647,0.0,0.0,20170721_180937_0f31,-122.3487306262853,37.76630270562395
2648,0.0,0.0,20180712_180755_0f2d,-118.16554992968355,33.727795172169174
2658,0.0,0.0,20170620_232624_0c79,-122.33282343422619,37.72843967762435
2659,0.0,0.0,20170615_180728_1003,-122.32344655717016,37.71884129302253
2661,0.0,0.0,20170717_180818_1010,-122.32442775679125,37.71949586816989
2664,0.0,1.0,20170617_180854_1031,-122.40984587781927,37.81653916307391
2665,0.0,0.0,20170705_180816_103e,-122.32594506019926,37.70606589838647
2666,0.0,0.0,20171118_185722_0f2d,-122.33606226634018,37.72791717406002
2676,0.0,0.0,20170522_180635_0f42,-122.33269713027559,37.750097551217166
2677,0.0,0.0,20170702_180943_103c,-122.33479231567986,37.72907271262165
2678,0.0,0.0,20180705_213444_0f02,-122.32871762596338,37.708082644920175
2682,0.0,0.0,20171022_175534_100e,-118.22081043676913,33.731481861405314
2684,0.0,0.0,20161102_180658_0e26,-122.34040514248915,37.748761931300486
2691,0.0,0.0,20180707_180451_102e,-118.16471691941378,33.728452371386346
2700,0.0,0.0,20180712_180428_101b,-118.20468386566235,33.7291240833615
2702,0.0,0.0,20171118_185722_0f2d,-122.33781559535524,37.76421392773645
2704,0.0,0.0,20161103_195523_0c27,-122.32811063986814,37.73760632632476
2706,0.0,0.0,20180707_182444_0f17,-122.32135274274226,37.70955469837446
2708,0.0,0.0,20171129_181545_1022,-122.3249530831702,37.729124936975616
2716,0.0,0.0,20170717_180817_1010,-122.35157864049303,37.78340724901256
2722,0.0,0.0,20170501_180610_100e,-122.33092796649925,37.73856873215506
2725,0.0,0.0,20180712_211332_0f06,-118.20546661045374,33.70636261283587
2727,0.0,0.0,20171217_181637_1032,-122.32477337902728,37.72641996002823
2730,0.0,0.0,20180707_180908_1043,-118.21951772998143,33.72708457614935
2732,0.0,0.0,20180712_211332_0f06,-118.20507857569963,33.70639345499712
2736,0.0,0.0,20170712_181004_0f12,-122.3214129295359,37.717883221985375
2742,0.0,0.0,20170613_180813_1017,-122.34400119689425,37.72715043502993
2749,0.0,0.0,20180710_180333_1002,-118.16061465321872,33.73401038065334
2752,0.0,0.0,20170723_180811_1005,-122.32660648008955,37.73827372866613
2754,0.0,0.0,20180708_180908_0f47,-118.14880745980487,33.73008948438861
2758,0.0,0.0,20171127_181538_101e,-122.34594261827704,37.73865300311209
2760,0.0,0.0,20170515_180653_1007,-122.33734669101564,37.75950644676728
2761,0.0,1.0,20180713_180403_1035,-118.12816013695787,33.706254155896104
2763,0.0,0.0,20170106_180851_0e30,-122.32845530039546,37.72960461142898
2770,0.0,0.0,20170719_180901_101d,-122.33033444262857,37.74775876288177
2771,0.0,0.0,20161116_180803_0e14,-122.36025355281615,37.769069759228096
2776,0.0,0.0,20180705_182236_0f4d,-122.35771797943889,37.79441880887758
2778,0.0,0.0,20180710_180333_1002,-118.16267666568294,33.733233418588455
2781,0.0,0.0,20170515_180653_1007,-122.34976990174096,37.76820119798504
2784,0.0,0.0,20170622_180819_1034,-122.33508887276393,37.75681683368896
2788,0.0,0.0,20170706_181011_1006,-122.40832681976396,37.848843279497004
2792,0.0,0.0,20171118_181531_1030,-122.34943308708012,37.76776670974174
2793,0.0,0.0,20170822_181223_0f31,-122.33268735902985,37.74739355656155
2800,0.0,0.0,20170619_180817_0f3f,-122.34520872204733,37.76011821821067
2801,0.0,0.0,20171026_184638_1043,-118.14589477417863,33.708282436048435
2803,0.0,0.0,20170721_180825_100b,-122.3270784821061,37.73879017343836
2804,0.0,0.0,20171023_175304_1039,-118.1598481236832,33.7348022015091
2807,0.0,0.0,20170622_180818_1034,-122.35737948132325,37.79022588250081
2812,0.0,0.0,20161218_180845_0e26,-122.33789238667205,37.74031154325538
2813,0.0,0.0,20170702_181120_103a,-122.34798021544444,37.739259159989395
2825,0.0,0.0,20180205_181811_1030,-122.35150200657927,37.753176855917566
2827,0.0,0.0,20170618_180802_0f34,-122.3326389245265,37.71865033146975
2828,0.0,0.0,20180714_180427_1029,-118.21031495796909,33.73120640938179
2829,0.0,0.0,20171118_181532_1030,-122.34268078643441,37.75712981558468
2830,0.0,0.0,20170515_180653_1007,-122.32960477602957,37.738047464642364
2834,0.0,0.0,20171118_181532_1030,-122.3349943941654,37.72931720814629
2835,0.0,0.0,20180712_180429_101b,-118.14821860384936,33.67855336446113
2836,0.0,0.0,20180711_180350_1042,-118.11196071024388,33.680102488166504
2840,0.0,0.0,20180710_182342_1011,-122.3387223196089,37.708247340250495
2846,0.0,0.0,20170721_180825_100b,-122.3315313340609,37.747197729928665
2847,0.0,1.0,20170702_180943_103c,-122.32377980626481,37.71962735090704
2854,0.0,0.0,20170129_181027_0e1f,-122.33724012140225,37.737090183517424
2855,0.0,0.0,20160820_233143_0c53,-122.36042556233372,37.79259487116029
2858,0.0,0.0,20170615_181426_0e0d,-122.34832116144462,37.73920696656714
2861,0.0,0.0,20170501_181320_0e1f,-122.3360474729729,37.760066960583195
2862,0.0,0.0,20171129_181545_1022,-122.33437875980434,37.74864693313823
2864,0.0,0.0,20170921_181406_1031,-122.33848135318848,37.765948183770156
2866,0.0,0.0,20180714_180427_1029,-118.20024343258316,33.731142388771794
2867,0.0,0.0,20170707_181135_100b,-122.33788016568006,37.76843242458194
2873,0.0,0.0,20170707_174131_0c0b,-122.34640091772265,37.73687094077791
2876,0.0,0.0,20170129_181027_0e1f,-122.34748975172488,37.767972279752236
2877,0.0,0.0,20170615_180728_1003,-122.33751833311247,37.77080984983136
2882,0.0,0.0,20170903_181304_1041,-122.33807119494584,37.76610811654329
2886,0.0,0.0,20180711_182156_1048,-122.33712349448892,37.708157243453385
2889,0.0,0.0,20170613_180813_1017,-122.32825317730496,37.73690411330002
2891,0.0,0.0,20180205_181811_1030,-122.39752309452267,37.79781972202601
2893,0.0,0.0,20180705_213444_0f02,-122.33105106867657,37.71731639532015
2894,0.0,0.0,20170702_181120_103a,-122.34725709050186,37.72854752333698
2898,0.0,0.0,20170719_180901_101d,-122.32545306693116,37.73780746331749
2902,0.0,0.0,20170504_180549_1025,-122.34769676377923,37.75991570104413
2903,0.0,0.0,20170619_181346_0e30,-122.33735754477105,37.75828973687877
2907,0.0,0.0,20170501_181320_0e1f,-122.34984888336929,37.770851487375246
2918,0.0,0.0,20170622_180819_1034,-122.33514216778464,37.72802014627484
2921,0.0,0.0,20180711_180503_1027,-118.21798711029507,33.73792191346293
2925,0.0,0.0,20180708_180453_0f28,-118.15906047907168,33.73402498017381
2934,0.0,0.0,20170129_181027_0e1f,-122.33247916825819,37.74782500801541
2948,0.0,0.0,20180312_182016_1042,-122.33929434685817,37.7396434240547
2952,0.0,0.0,20170923_181241_0f42,-122.34711461247625,37.76802428058298
2957,0.0,0.0,20170314_155238_0c12,-122.34813641569522,37.7602696454402
2958,0.0,0.0,20170619_180825_1032,-122.34957757413294,37.77071479357894
2962,0.0,0.0,20170709_181333_0e0e,-122.33995493014002,37.738105876455286
2963,0.0,0.0,20170609_180751_101b,-122.34671564039341,37.766913457012905
2969,0.0,0.0,20170211_181116_0e16,-122.34057541759327,37.74492328747497
2970,0.0,0.0,20171118_185722_0f2d,-122.32997280231554,37.746323619511664
2973,0.0,0.0,20180705_182235_0f4d,-122.34863428920573,37.719010187585184
2974,0.0,0.0,20171119_181612_0f52,-122.33641001966234,37.75760842149036
2979,0.0,0.0,20170622_180819_1034,-122.33237264282647,37.748311113778946
2984,0.0,0.0,20170723_180811_1005,-122.3422940084486,37.74696084645795
2988,0.0,0.0,20161218_180845_0e26,-122.340781867656,37.748520684348925
2989,0.0,0.0,20170618_180801_0f34,-122.34188736458209,37.75058185697114
2991,0.0,0.0,20170508_180612_1010,-122.35208859532074,37.748394106439314
2992,0.0,0.0,20170414_180529_0f28,-122.34793704722254,37.76746100843631
2998,0.0,0.0,20180710_180333_1002,-118.16708809236766,33.7289981539415
3007,0.0,0.0,20170604_180820_0f52,-122.52988290384924,37.74258562256289
3012,0.0,0.0,20180708_182358_1032,-122.44759956385563,37.813558674142655
3020,0.0,0.0,20170508_180611_1010,-122.36110379235498,37.80879502943267
3021,0.0,0.0,20170709_180806_1024,-122.1974002383842,37.71556294070073
3022,0.0,0.0,20171217_181636_1032,-122.37040201045352,37.81349582815769
3024,0.0,0.0,20161212_180855_0e30,-122.56916760015972,37.890884372471575
3025,0.0,0.0,20161218_180845_0e26,-122.44811375130936,37.78568355769514
3026,0.0,0.0,20161022_180611_0e19,-122.06925660085886,37.774755586498244
3032,0.0,0.0,20170501_181321_0e1f,-122.47564024751094,37.68946710467227
3038,0.0,0.0,20170429_180518_1002,-122.17270176749476,37.68378319192448
3047,0.0,0.0,20170615_180728_1003,-122.21018481830981,37.73928163388701
3052,0.0,0.0,20170501_181319_0e1f,-122.29578924029194,37.8391660228062
3053,0.0,0.0,20170222_231255_0c27,-122.4275778136165,37.65187449612287
3054,0.0,0.0,20171127_181539_101e,-122.19874999936656,37.71665369534413
3055,0.0,0.0,20170106_180850_0e30,-122.18316016808802,37.78173812444918
3057,0.0,0.0,20170419_181314_0e0d,-122.47884144617204,37.805616290470304
3058,0.0,0.0,20170712_181003_0f12,-122.14038696640641,37.821505400981735
3066,0.0,0.0,20161102_180658_0e26,-122.38146324377499,37.79495145620145
3078,0.0,0.0,20180708_180453_0f28,-118.15267212110668,33.72366828813484
3079,0.0,0.0,20170501_180552_1018,-122.34858641187623,37.813782792247075
3084,0.0,0.0,20170712_181003_0f12,-122.06765502383297,37.75038088488909
3086,0.0,0.0,20170222_231255_0c27,-122.4458867718033,37.64109183783422
3094,0.0,0.0,20170129_181027_0e1f,-122.26425984021934,37.76621118153349
3100,0.0,0.0,20170619_180817_0f3f,-122.37955924978792,37.76184531515553
3101,0.0,0.0,20170501_181321_0e1f,-122.4940377533596,37.66599570916494
3105,0.0,0.0,20170709_180807_1024,-122.10632441905483,37.64960776293271
3106,0.0,0.0,20171207_181642_101b,-122.42281534688863,37.71350205907838
3107,0.0,0.0,20161217_180919_0e30,-122.46970150638818,37.79224510874861
3111,0.0,0.0,20170226_180944_0e26,-122.17151740305101,37.68626250470679
3115,0.0,0.0,20170902_181216_1005,-122.48806112679166,37.718968008636224
3116,0.0,0.0,20170917_190616_0f3c,-122.24064268856726,37.83071168751576
3117,0.0,0.0,20170917_190708_0f44,-122.46542905557355,37.78935962790509
3123,0.0,0.0,20161218_180844_0e26,-122.32644627905763,37.80100396570803
3126,0.0,0.0,20170719_180900_101d,-122.46107021976367,37.85934428499176
3127,0.0,0.0,20180210_181908_1006,-122.41251957041197,37.81463274564727
3128,0.0,0.0,20171213_185421_0f3b,-122.48128912445286,37.625839945442586
3129,0.0,0.0,20160905_193458_0c37,-122.46385183434099,37.63484747368108
3130,0.0,0.0,20180707_180451_102e,-118.3408254608184,33.74463018175466
3142,0.0,0.0,20171206_181521_1042,-122.13444418968153,37.62653637312964
3143,0.0,0.0,20170818_180846_1035,-122.1011181187568,37.74569272014269
3148,0.0,0.0,20170505_181257_0e2f,-122.23794688868087,37.744710013041804
3150,0.0,0.0,20170619_181346_0e30,-122.51775155628779,37.780743505982855
3158,0.0,0.0,20170328_181231_0e0f,-122.45581390647999,37.75776058849354
3159,0.0,0.0,20180714_182155_1051,-122.43302166299607,37.700734759589615
3168,0.0,0.0,20161218_180845_0e26,-122.48474916263399,37.76954467427461
3173,0.0,0.0,20171217_181636_1032,-122.1740987466002,37.81228302357356
3182,0.0,0.0,20161022_180612_0e19,-122.05294087231242,37.69715889815695
3185,0.0,0.0,20180707_180452_102e,-118.23864312301872,33.68346995564557
3189,0.0,0.0,20180708_180453_0f28,-118.18197616984371,33.735566354094296
3194,0.0,0.0,20180205_181811_1030,-122.4114110891495,37.79970155682723
3198,0.0,0.0,20170505_181258_0e2f,-122.2729169388643,37.74128061571262
3200,0.0,0.0,20170712_181003_0f12,-122.1147931227358,37.77827003835319
3201,0.0,0.0,20170715_180932_101a,-122.22116128838157,37.721806163469616
3205,0.0,0.0,20170430_181117_0e26,-122.01960494160583,37.70913512337408
3207,0.0,0.0,20170328_181230_0e0f,-122.49692341896102,37.822783730849416
3210,0.0,0.0,20180708_180909_0f47,-118.16826379680488,33.75839660001302
3211,0.0,0.0,20180209_181715_103e,-122.25648176401509,37.73679771655621
3215,0.0,0.0,20171023_190148_0f2e,-122.22026464025058,37.87202895511861
3220,0.0,0.0,20170226_180943_0e26,-122.16424354222471,37.78555315197485
3221,0.0,0.0,20170226_180943_0e26,-122.19075338658551,37.82270042821024
3224,0.0,0.0,20170722_181118_101f,-122.48056446808523,37.76882327620446
3225,0.0,0.0,20170612_180826_1036,-122.4049351044148,37.8211111157105
3226,0.0,1.0,20161227_180931_0e30,-122.55203371844351,37.841203646608186
3229,0.0,0.0,20170515_180653_1007,-122.37946498262521,37.76089843986994
3233,0.0,0.0,20170314_155238_0c12,-122.42519619481152,37.784167937080014
3236,0.0,0.0,20170328_181230_0e0f,-122.47866587608571,37.82089270670238
3237,0.0,0.0,20161218_180846_0e26,-122.35850925300633,37.72650020921687
3238,0.0,0.0,20170615_181425_0e0d,-122.31544471432807,37.80780848648074
3240,0.0,0.0,20180202_181820_103b,-122.21300011186345,37.83666802943042
3241,0.0,0.0,20170605_180824_1032,-122.48195503287884,37.82823485052659
3246,0.0,0.0,20170419_180519_1009,-122.40688680606976,37.8114950104279
3248,0.0,0.0,20180203_181745_1035,-122.08177529591357,37.726535168600435
3249,0.0,0.0,20170613_180812_102e,-122.49647642715699,37.67257685412268
3252,0.0,0.0,20170703_180944_1009,-122.40643110506367,37.80881583320159
3253,0.0,0.0,20170923_181240_0f42,-122.38115587480166,37.84402587496168
3259,0.0,0.0,20170706_181011_1006,-122.41432025362349,37.811045497907784
3265,0.0,0.0,20180203_181746_1035,-122.12265256100378,37.7156522744092
3270,0.0,0.0,20160710_182139_0c78,-122.30593748745294,37.87681028471107
3274,0.0,0.0,20170731_181111_100c,-122.25685734454744,37.73669192771171
3275,0.0,0.0,20171114_181405_1027,-122.2790686462568,37.689754140990686
3276,0.0,0.0,20170822_181222_0f31,-122.19464632878106,37.83773365311365
3277,0.0,0.0,20171023_190147_0f2e,-122.44931218477075,37.74813135712905
3278,0.0,0.0,20161217_180919_0e30,-122.4580609636931,37.76252989470461
3283,0.0,0.0,20180206_181844_0f34,-122.36532382754804,37.80949382082748
3284,0.0,0.0,20170712_181046_1035,-122.41837539663501,37.6936601316552
3288,0.0,0.0,20170501_181321_0e1f,-122.49629224344339,37.669628713421325
3292,0.0,0.0,20171021_181323_1003,-122.04434219702051,37.70693175731848
3299,0.0,0.0,20170712_181003_0f12,-122.15301836255225,37.78996145404325
3301,0.0,0.0,20170226_180944_0e26,-122.06005534269119,37.6673104342
3316,0.0,0.0,20171211_181524_1004,-122.06660200466135,37.7257670621353
3317,0.0,0.0,20161218_180844_0e26,-122.43818561434492,37.88189597797097
3318,0.0,0.0,20171021_190200_104d,-122.50359243587847,37.72779529591287
3321,0.0,0.0,20170615_181425_0e0d,-122.23179039599387,37.72758120989469
3322,0.0,0.0,20170709_180806_1024,-122.0745431024927,37.741431195690076
3323,0.0,0.0,20170822_153738_0c12,-118.20479177870402,33.75074045066896
3328,0.0,0.0,20180210_181908_1006,-122.5432921077658,37.837790167507464
3331,0.0,0.0,20171023_190148_0f2e,-122.2635728102283,37.85943736992828
3341,0.0,0.0,20170403_180411_100f,-122.26155941041542,37.78087656363956
3349,0.0,0.0,20170822_181222_0f31,-122.19769387213661,37.820774073552876
3350,0.0,0.0,20161116_180804_0e14,-122.40539653041276,37.6954341030897
3351,0.0,0.0,20170314_155240_0c12,-122.25070499415942,37.725539805083564
3353,0.0,0.0,20170419_180519_1009,-122.22923705979223,37.76698776180591
3355,0.0,0.0,20170414_180529_0f28,-122.2486414407537,37.75456688788033
3358,0.0,0.0,20161202_180734_0e30,-122.1577938499121,37.79248327003718
3361,0.0,0.0,20170226_180944_0e26,-122.2755977944286,37.766659973494164
3368,0.0,0.0,20170419_180519_1009,-122.16279554989674,37.79008541547046
3371,0.0,0.0,20170701_181015_1042,-122.36505220565711,37.865057573726304
3372,0.0,1.0,20170609_180756_103a,-122.47847525154941,37.818917997641144
3377,0.0,0.0,20170430_181117_0e26,-122.0379156769904,37.70385111295526
3379,0.0,0.0,20171021_190200_104d,-122.25496396173061,37.7727232983383
3382,0.0,0.0,20161218_180844_0e26,-122.49323872906676,37.85315997654019
3387,0.0,0.0,20170901_181520_0e14,-122.42660913591871,37.80853722896833
3393,0.0,0.0,20171210_181626_100a,-122.22503150918189,37.827230139626145
3395,0.0,1.0,20170619_180825_1032,-122.33401653346654,37.73966780079838
3400,0.0,0.0,20170106_180852_0e30,-122.43438232350306,37.69633381472168
3401,0.0,0.0,20180705_213444_0f02,-122.35268273349325,37.738825407865974
3402,0.0,0.0,20170419_180519_1009,-122.20896960917382,37.741490702680004
3405,0.0,1.0,20170723_181447_0e0e,-122.40538195066306,37.829143997307966
3407,0.0,0.0,20170902_190521_0f53,-122.20845877671526,37.850075865966005
3409,0.0,0.0,20170621_181253_0e26,-122.14512263973502,37.59654606717163
3411,0.0,0.0,20161202_180735_0e30,-122.34711439969115,37.756424397409255
3414,0.0,0.0,20171207_181550_103c,-122.27201254228446,37.781455355875636
3416,0.0,0.0,20170621_181253_0e26,-122.12045625971537,37.613399826561825
3418,0.0,0.0,20170419_181315_0e0d,-122.34390751503545,37.68372430750061
3426,0.0,0.0,20170723_180811_1005,-122.26149074108557,37.78093021154173
3427,0.0,0.0,20170901_181521_0e14,-122.47473911232035,37.68697542848927
3431,0.0,0.0,20160622_170157_0c64,-122.4478291812287,37.892486779170426
3432,0.0,0.0,20180710_182341_1011,-122.30602414541447,37.76927661843612
3440,0.0,0.0,20170430_181118_0e26,-122.12304220051958,37.61317571611115
3441,0.0,0.0,20171021_181323_1003,-122.11289798802032,37.73729170506815
3442,0.0,0.0,20171023_190148_0f2e,-122.2420887564654,37.85930103879338
3443,0.0,0.0,20170830_181003_0f4e,-122.32582398715729,37.80573225491159
3453,0.0,0.0,20171129_181544_1022,-122.12705606206356,37.72617616790978
3455,0.0,0.0,20170821_175602_0e0e,-118.31087181108646,33.72568860173084
3456,0.0,0.0,20161202_180734_0e30,-122.17839838525943,37.787193931672974
3469,0.0,0.0,20170709_181333_0e0e,-122.16539336184846,37.671050191042916
3470,0.0,0.0,20161018_192145_0c24,-122.28630104795275,37.80125429940559
3472,0.0,0.0,20170226_180944_0e26,-122.06233414214691,37.66732857321863
3473,0.0,0.0,20161103_195402_1_0c24,-122.16986062035656,37.87114356483747
3482,0.0,0.0,20161227_180931_0e30,-122.47546630554815,37.80097758659708
3484,0.0,0.0,20170504_180550_1025,-122.40017093668249,37.69781417226921
3486,0.0,0.0,20171127_181539_101e,-122.36377962246702,37.723256986220896
3491,0.0,0.0,20180709_182127_0e20,-122.09741255881366,37.69750770960183
3492,0.0,0.0,20171206_181520_1042,-122.08598508272617,37.719159171432466
3493,0.0,0.0,20170730_181514_0e20,-122.31290232802994,37.658968634398896
3497,0.0,0.0,20170719_180900_101d,-122.42597096280194,37.816132142975476
3504,0.0,0.0,20170226_180944_0e26,-122.21237528147218,37.70284726672695
3509,0.0,0.0,20170414_180530_0f28,-122.48156262221931,37.71363982461734
3515,0.0,0.0,20170505_181257_0e2f,-122.3015336940907,37.77590174105264
3517,0.0,0.0,20170515_180653_1007,-122.46814266179409,37.81481590816105
3518,0.0,0.0,20170101_180916_0e30,-122.40626114065961,37.80876089822614
3519,0.0,0.0,20180202_181820_103b,-122.40653507472607,37.80860004330038
3521,0.0,0.0,20180206_181844_0f34,-122.52777790390613,37.827291835076295
3528,0.0,0.0,20170226_180945_0e26,-122.08245218963201,37.6495326492693
3535,0.0,0.0,20161218_180846_0e26,-122.39022798213155,37.669479578751464
3536,0.0,0.0,20161103_195401_0c24,-122.29274443920113,37.808107007960345
3537,0.0,0.0,20170501_180552_1018,-122.31639203872216,37.82703875864391
3539,0.0,0.0,20161212_180856_0e30,-122.43019018359024,37.808203095072
3544,0.0,0.0,20171114_181405_1027,-122.03151812551027,37.65147788784656
3548,0.0,0.0,20171204_185513_0f3c,-122.48722715238583,37.67697155162304
3549,0.0,0.0,20170719_180901_101d,-122.49105692901392,37.788526739437
3551,0.0,0.0,20170723_180811_1005,-122.1300870503555,37.743530657430036
3552,0.0,0.0,20161227_180931_0e30,-122.45064720736583,37.76100839689775
3554,0.0,0.0,20161103_195522_0c27,-122.37504308803496,37.80067692996824
3562,0.0,0.0,20171203_185451_0f2b,-122.41015637175697,37.687373121594675
3563,0.0,1.0,20170730_181514_0e20,-122.3307870533835,37.71261001631973
3567,0.0,0.0,20171210_181628_100a,-122.51002030766956,37.728768577513684
3569,0.0,0.0,20171114_181404_1027,-122.02219931396797,37.7344381166152
3570,0.0,0.0,20170211_181116_0e16,-122.49565980034926,37.747933198164674
3572,0.0,0.0,20170707_181135_100b,-122.47869729911623,37.82127139519534
3579,0.0,0.0,20170721_180826_100b,-122.44816416669632,37.69174827310802
3584,0.0,0.0,20161102_180659_0e26,-122.44410489116748,37.67485635123243
3590,0.0,0.0,20170909_181729_0e0f,-122.11254731041397,37.75240389659895
3591,0.0,0.0,20170614_180813_100b,-122.49397850642625,37.709773001601015
3594,0.0,0.0,20171127_181539_101e,-122.36414706522125,37.720095340263626
3596,0.0,0.0,20170615_180727_1003,-122.28157427826083,37.7755924637655
3597,0.0,0.0,20170505_181257_0e2f,-122.24030222724951,37.73747868821559
3600,0.0,0.0,20150718_184300_090b,-122.42663861582857,37.80913223576201
3603,0.0,0.0,20170713_180938_1002,-122.1108403780951,37.77267025951466
3607,0.0,0.0,20180205_181922_1031,-122.42667771298387,37.80848348426208
3609,0.0,0.0,20170705_180815_103e,-122.13545849413472,37.776449638134814
3612,0.0,0.0,20170730_191231_0f21,-122.16765381653961,37.82472959381988
3613,0.0,0.0,20170427_180608_1041,-122.38755478731294,37.70913302195545
3614,0.0,0.0,20170730_181514_0e20,-122.26703664986545,37.653825397910275
3616,0.0,0.0,20170314_155238_0c12,-122.42118162494698,37.71349404976504
3620,0.0,0.0,20170515_180654_1007,-122.490907626613,37.70592013412272
3623,0.0,0.0,20170921_181407_1031,-122.32620629230894,37.703525670676385
3624,0.0,0.0,20170226_180943_0e26,-122.20221064511391,37.819155382661435
3626,0.0,0.0,20171021_181323_1003,-122.25659302360617,37.76992151254695
3628,0.0,0.0,20180131_175841_1010,-118.34698740368296,33.74932477632559
3629,0.0,0.0,20170613_180812_102e,-122.49645593023325,37.67057581067081
3631,0.0,0.0,20170716_180833_101b,-122.40700928865517,37.81322613595979
3640,0.0,0.0,20170818_175210_101b,-118.18793562093992,33.683913774969795
3642,0.0,0.0,20170508_171051_0c43,-122.48793620823218,37.583605083126876
3644,0.0,0.0,20170731_181112_100c,-122.10712199363826,37.61137986895084
3652,0.0,0.0,20160905_193458_0c37,-122.45251494281177,37.62754866962661
3654,0.0,0.0,20171020_175308_0f52,-118.16906673637135,33.72924999407931
3656,0.0,0.0,20171127_181538_101e,-122.40283076273784,37.80306532091103
3661,0.0,0.0,20170730_181044_103d,-122.31136595432358,37.66696344150505
3663,0.0,0.0,20171204_185513_0f3c,-122.37608991829784,37.74911847096795
3666,0.0,0.0,20171210_181626_100a,-122.43959983154913,37.87984776002909
3667,0.0,0.0,20170716_180833_101b,-122.45301958803906,37.81344877045154
3670,0.0,0.0,20171020_175308_0f52,-118.1401725415179,33.72356788314777
3674,0.0,0.0,20180209_184353_0f21,-122.49430428928606,37.66180565562038
3684,0.0,0.0,20170701_181015_1042,-122.50112623643929,37.88201728939477
3693,0.0,0.0,20170917_190615_0f3c,-122.37952586964214,37.76176402122206
3699,0.0,0.0,20171210_181628_100a,-122.39657333365113,37.69663310900638
3700,0.0,0.0,20170815_180821_102d,-122.07446587713707,37.73942970314551
3702,0.0,0.0,20161018_192144_0c24,-122.4790600312469,37.85209765752398
3703,0.0,0.0,20170707_181425_0e14,-122.22818111190111,37.760437371470935
3706,0.0,0.0,20170909_181729_0e0f,-122.37813391674946,37.79782712816502
3712,0.0,0.0,20180202_181820_103b,-122.41359836049153,37.811826043682515
3716,0.0,0.0,20170609_180750_101b,-122.40598612239049,37.80905694311659
3720,0.0,0.0,20161218_180845_0e26,-122.53009410357646,37.81683689258303
3722,0.0,0.0,20180210_181908_1006,-122.36133326405539,37.80985080090401
3728,0.0,0.0,20171210_181626_100a,-122.467195889034,37.88484289956215
3729,0.0,0.0,20170211_181115_0e16,-122.28083927335967,37.77058572660321
3731,0.0,0.0,20171218_181723_1007,-122.5414841041387,37.89299699452966
3732,0.0,0.0,20170612_180826_1036,-122.46193601081964,37.834066677750315
3734,0.0,0.0,20180209_181715_103e,-122.062299790021,37.66735533941145
3736,0.0,0.0,20170504_180617_102d,-122.49711313683639,37.880188602676064
3742,0.0,0.0,20170713_180938_1002,-122.11497923392102,37.77694652976011
3745,0.0,0.0,20170403_180411_100f,-122.04553631400232,37.70404824656662
3749,0.0,0.0,20170602_010249_0c44,-122.23101689926109,37.752993089257224
3751,0.0,0.0,20171023_190147_0f2e,-122.29650217005025,37.79279833544717
3755,0.0,0.0,20180707_180452_102e,-118.20691407505738,33.7056991402895
3757,0.0,0.0,20180711_180350_1042,-117.90943886518559,33.68993014058127
3761,0.0,0.0,20160820_233143_0c53,-122.34565417398554,37.81776832786185
3763,0.0,0.0,20171218_181725_1007,-122.39633141058628,37.69709154587444
3764,0.0,0.0,20171208_181656_0e2f,-122.08965085702786,37.758934920994164
3776,0.0,0.0,20161022_180611_0e19,-122.1130711132218,37.73704965610468
3778,0.0,0.0,20171020_175308_0f52,-118.0699697569123,33.702280592947915
3779,0.0,0.0,20171020_175308_0f52,-118.18357755468108,33.70124430207534
3781,0.0,0.0,20170101_180916_0e30,-122.47922633032526,37.82359910990126
3782,0.0,0.0,20170129_181028_0e1f,-122.41813284692294,37.66372585064465
3783,0.0,1.0,20170830_181003_0f4e,-122.10005234093857,37.77464331549984
3784,0.0,0.0,20170905_181212_0f12,-122.1049661445784,37.76546046917694
3786,0.0,0.0,20161218_180845_0e26,-122.46859260307542,37.79483589077679
3792,0.0,0.0,20171119_181613_0f52,-122.45812730541545,37.76277355515768
3793,0.0,0.0,20170615_180727_1003,-122.11529853149246,37.74728716463748
3794,0.0,0.0,20170414_180529_0f28,-122.47670503462474,37.77029337225758
3799,0.0,0.0,20170619_180817_0f3f,-122.38387533414698,37.828627868246095
3800,0.0,0.0,20170905_181214_0f12,-122.3315596677088,37.78567483085522
3802,0.0,0.0,20170106_180850_0e30,-122.1736876849249,37.81246941269506
3803,0.0,0.0,20161218_180844_0e26,-122.44292051246497,37.86017914204665
3804,0.0,0.0,20171023_190146_0f2e,-122.24074702903093,37.73726523972584
3806,0.0,0.0,20170430_181116_0e26,-122.1408602162825,37.765943943353086
3808,0.0,0.0,20170604_180819_0f52,-122.53925309163525,37.856782982719004
3813,0.0,0.0,20170501_180611_100e,-122.43817530513648,37.67620728694915
3815,0.0,0.0,20171021_181324_1003,-122.0460769493874,37.621961329952065
3816,0.0,0.0,20161218_180845_0e26,-122.47545417494631,37.793055002914755
3819,0.0,0.0,20170430_181118_0e26,-122.04970400133539,37.59873659801135
3823,0.0,0.0,20170819_175035_0f22,-118.18393344739283,33.73424892757211
3829,0.0,0.0,20161103_195523_0c27,-122.44450877236157,37.68456556040708
3836,0.0,0.0,20170211_181115_0e16,-122.5178194532558,37.82795450825993
3837,0.0,0.0,20170910_181215_1010,-122.31719273803236,37.82523178893726
3838,0.0,0.0,20180708_180453_0f28,-118.06540883468756,33.73662725676796
3842,0.0,0.0,20170619_180824_1032,-122.37036678090331,37.81363083560165
3845,0.0,0.0,20171021_184820_0f47,-118.06532005309481,33.7373044256172
3846,0.0,0.0,20160622_170157_0c64,-122.34466653421043,37.78296341833453
3848,0.0,0.0,20171127_181539_101e,-122.44658988518138,37.75701460874586
3849,0.0,0.0,20161212_180855_0e30,-122.49173335497093,37.848908346451516
3853,0.0,0.0,20171118_185723_0f2d,-122.38108708787126,37.795111716215764
3856,0.0,0.0,20161103_195402_1_0c24,-122.1835914225617,37.86942799517098
3857,0.0,0.0,20170718_180713_102f,-122.05521122819259,37.71131857500063
3858,0.0,0.0,20171206_181521_1042,-122.05773620295518,37.659720921066665
3860,0.0,0.0,20170101_180917_0e30,-122.47844189932901,37.71211183538505
3861,0.0,0.0,20180206_181844_0f34,-122.38386833625238,37.79255756484681
3865,0.0,0.0,20171022_181146_103e,-122.18515874811526,37.78277944565647
3867,0.0,0.0,20170731_181110_100c,-122.12505808259749,37.76577359606463
3870,0.0,0.0,20180206_184438_1043,-122.49417685371355,37.69060262579548
3873,0.0,0.0,20170314_155238_0c12,-122.4715822873945,37.681120715454306
3879,0.0,0.0,20170811_191957_0c1b,-122.37765392824012,37.79817610353768
3882,0.0,0.0,20180210_181908_1006,-122.42684602030572,37.80875469570261
3887,0.0,0.0,20150718_184300_090b,-122.40477488428849,37.8071040053892
3894,0.0,0.0,20161022_180611_0e19,-122.16475986533197,37.80626862462419
3897,0.0,0.0,20180714_182329_101d,-122.12723744450155,37.78320283988516
3904,0.0,0.0,20180209_181715_103e,-122.21976402071296,37.73169331592152
3908,0.0,0.0,20170917_190708_0f44,-122.54790011575965,37.786622449498246
3910,0.0,0.0,20170515_180653_1007,-122.38173174428536,37.76272199350139
3918,0.0,1.0,20170612_180826_1036,-122.47805252398204,37.81602292441024
3924,0.0,0.0,20160905_193457_1_0c37,-122.50138645463649,37.711535107692285
3925,0.0,0.0,20170222_231255_0c27,-122.43909304414507,37.635624686957996
3927,0.0,0.0,20170731_181110_100c,-122.13076104971015,37.802318332137865
3930,0.0,0.0,20161116_180804_0e14,-122.44662236779887,37.670271409607004
3931,0.0,0.0,20171127_185539_0f29,-122.15749000513365,37.86418788753173
3933,0.0,0.0,20170101_180917_0e30,-122.49661145374174,37.72306078500368
3936,0.0,0.0,20170730_181514_0e20,-122.28516743555205,37.67827239169895
3938,0.0,0.0,20161102_180658_0e26,-122.28126318568829,37.769020038003475
3940,0.0,0.0,20170707_174130_0c0b,-122.28495745657791,37.862813834912764
3942,0.0,0.0,20170429_180518_1002,-122.36098218035858,37.71999710917056
3943,0.0,0.0,20170501_181319_0e1f,-122.47877271918702,37.80569710434841
3944,0.0,0.0,20161218_180846_0e26,-122.48564865961798,37.713414363497776
3946,0.0,0.0,20170731_181111_100c,-122.31782681890151,37.77113012761632
3948,0.0,0.0,20171127_181538_101e,-122.22148654171757,37.72975787471162
3949,0.0,0.0,20170605_180824_1032,-122.59651241211355,37.86926889006235
3952,0.0,0.0,20171218_181723_1007,-122.57544362981595,37.861488649157856
3953,0.0,0.0,20180210_181908_1006,-122.47890257328729,37.82116414654361
3957,0.0,0.0,20170619_180825_1032,-122.2512336067811,37.74403806984657
3958,0.0,0.0,20171114_181404_1027,-122.09561318215539,37.74475831935595
3961,0.0,0.0,20171119_181613_0f52,-122.49530739373503,37.70453297977837
3962,0.0,0.0,20170712_180940_0f15,-122.30200855168509,37.77612086869213
3966,0.0,0.0,20161218_180846_0e26,-122.50379543023213,37.727985428405304
3972,0.0,0.0,20161212_180855_0e30,-122.51663917013924,37.883433955397216
3975,0.0,0.0,20170618_180801_0f34,-122.08194749445376,37.72637427534355
3976,0.0,0.0,20171208_181656_0e2f,-122.11416992882342,37.75912177804362
3979,0.0,0.0,20170515_180653_1007,-122.4739946106464,37.79226435387626
3987,0.0,0.0,20161218_180846_0e26,-122.48789167757808,37.71885911382681
3991,0.0,0.0,20170902_190520_0f53,-122.10947807051694,37.74424199581469
3992,0.0,0.0,20171127_181538_101e,-122.2517775690549,37.744122642144035
3994,0.0,0.0,20171213_181610_100c,-122.48526939813327,37.71411574158604
3997,0.0,0.0,20161116_180804_0e14,-122.48298739296371,37.684929808845375
